symbol,strike,co_b,co_s,po_b,po_s,fut_b,fut_s
360ONE,0.0,0.0,0.0,0.0,0.0,5.0,0.0
360ONE,1060.0,0.0,1.0,0.0,0.0,0.0,0.0
360ONE,1120.0,0.0,0.0,0.0,2.0,0.0,0.0
360ONE,1200.0,2.0,0.0,0.0,0.0,0.0,0.0
360ONE,1240.0,0.0,1.0,0.0,0.0,0.0,0.0
360ONE,1300.0,5.0,0.0,0.0,0.0,0.0,0.0
ABB,0.0,0.0,0.0,0.0,0.0,22.0,1.0
ABB,7200.0,0.0,1.0,0.0,0.0,0.0,0.0
ABB,7300.0,0.0,4.0,0.0,1.0,0.0,0.0
ABB,7400.0,0.0,0.0,0.0,1.0,0.0,0.0
ABB,7500.0,1.0,0.0,0.0,0.0,0.0,0.0
ABB,7600.0,0.0,0.0,0.0,3.0,0.0,0.0
ABB,7700.0,1.0,0.0,0.0,0.0,0.0,0.0
ABB,7800.0,1.0,0.0,0.0,0.0,0.0,0.0
ABB,8000.0,1.0,2.0,0.0,0.0,0.0,0.0
ABB,8200.0,1.0,3.0,0.0,0.0,0.0,0.0
ABB,8400.0,1.0,0.0,0.0,0.0,0.0,0.0
ABB,8500.0,1.0,0.0,0.0,0.0,0.0,0.0
ABCAPITAL,0.0,0.0,0.0,0.0,0.0,11.0,2.0
ABCAPITAL,380.0,0.0,0.0,1.0,0.0,0.0,0.0
ABCAPITAL,390.0,0.0,1.0,1.0,1.0,0.0,0.0
ABCAPITAL,395.0,0.0,0.0,0.0,1.0,0.0,0.0
ABCAPITAL,400.0,1.0,2.0,1.0,1.0,0.0,0.0
ABCAPITAL,405.0,0.0,0.0,0.0,1.0,0.0,0.0
ABCAPITAL,410.0,3.0,1.0,0.0,1.0,0.0,0.0
ABCAPITAL,420.0,2.0,0.0,0.0,0.0,0.0,0.0
ABCAPITAL,430.0,1.0,0.0,0.0,0.0,0.0,0.0
ABCAPITAL,440.0,0.0,1.0,0.0,0.0,0.0,0.0
ADANIENSOL,0.0,0.0,0.0,0.0,0.0,46.0,0.0
ADANIENSOL,1240.0,0.0,0.0,1.0,0.0,0.0,0.0
ADANIENSOL,1380.0,1.0,0.0,0.0,0.0,0.0,0.0
ADANIENSOL,1400.0,2.0,0.0,1.0,0.0,0.0,0.0
ADANIENSOL,1420.0,3.0,0.0,0.0,0.0,0.0,0.0
ADANIENSOL,1440.0,1.0,0.0,0.0,0.0,0.0,0.0
ADANIENSOL,1460.0,3.0,0.0,0.0,0.0,0.0,0.0
ADANIENSOL,1500.0,2.0,1.0,0.0,0.0,0.0,0.0
ADANIENSOL,1540.0,1.0,0.0,0.0,0.0,0.0,0.0
ADANIENSOL,1560.0,2.0,0.0,0.0,0.0,0.0,0.0
ADANIENSOL,1580.0,2.0,0.0,0.0,0.0,0.0,0.0
ADANIENSOL,1600.0,4.0,0.0,0.0,0.0,0.0,0.0
ADANIENSOL,1620.0,1.0,0.0,0.0,0.0,0.0,0.0
ADANIENSOL,1640.0,0.0,0.0,0.0,1.0,0.0,0.0
ADANIENSOL,1660.0,1.0,0.0,0.0,0.0,0.0,0.0
ADANIENSOL,1680.0,1.0,0.0,0.0,0.0,0.0,0.0
ADANIENSOL,1700.0,4.0,0.0,0.0,0.0,0.0,0.0
ADANIENT,0.0,0.0,0.0,0.0,0.0,43.0,0.0
ADANIENT,2500.0,0.0,0.0,1.0,0.0,0.0,0.0
ADANIENT,2600.0,0.0,0.0,1.0,1.0,0.0,0.0
ADANIENT,2700.0,1.0,0.0,1.0,0.0,0.0,0.0
ADANIENT,2800.0,1.0,0.0,0.0,0.0,0.0,0.0
ADANIENT,2900.0,2.0,0.0,1.0,0.0,0.0,0.0
ADANIENT,2950.0,0.0,0.0,3.0,0.0,0.0,0.0
ADANIENT,3000.0,9.0,1.0,0.0,0.0,0.0,0.0
ADANIENT,3050.0,1.0,0.0,0.0,0.0,0.0,0.0
ADANIENT,3100.0,3.0,0.0,0.0,1.0,0.0,0.0
ADANIENT,3150.0,2.0,0.0,0.0,0.0,0.0,0.0
ADANIENT,3200.0,5.0,0.0,0.0,0.0,0.0,0.0
ADANIENT,3300.0,2.0,0.0,0.0,0.0,0.0,0.0
ADANIENT,3400.0,0.0,1.0,0.0,0.0,0.0,0.0
ADANIENT,3500.0,1.0,0.0,0.0,0.0,0.0,0.0
ADANIGREEN,0.0,0.0,0.0,0.0,0.0,42.0,1.0
ADANIGREEN,1200.0,0.0,1.0,0.0,1.0,0.0,0.0
ADANIGREEN,1240.0,0.0,1.0,0.0,2.0,0.0,0.0
ADANIGREEN,1300.0,0.0,2.0,0.0,0.0,0.0,0.0
ADANIGREEN,1320.0,1.0,0.0,0.0,0.0,0.0,0.0
ADANIGREEN,1360.0,4.0,0.0,0.0,0.0,0.0,0.0
ADANIGREEN,1380.0,1.0,0.0,0.0,0.0,0.0,0.0
ADANIGREEN,1400.0,0.0,3.0,0.0,0.0,0.0,0.0
ADANIGREEN,1460.0,0.0,1.0,0.0,0.0,0.0,0.0
ADANIGREEN,1500.0,1.0,0.0,0.0,0.0,0.0,0.0
ADANIGREEN,1520.0,0.0,0.0,0.0,1.0,0.0,0.0
ADANIPORTS,0.0,0.0,0.0,0.0,0.0,32.0,2.0
ADANIPORTS,1600.0,1.0,1.0,0.0,0.0,0.0,0.0
ADANIPORTS,1640.0,0.0,0.0,2.0,0.0,0.0,0.0
ADANIPORTS,1660.0,1.0,0.0,0.0,0.0,0.0,0.0
ADANIPORTS,1680.0,1.0,1.0,1.0,0.0,0.0,0.0
ADANIPORTS,1700.0,1.0,5.0,2.0,3.0,0.0,0.0
ADANIPORTS,1720.0,2.0,1.0,0.0,1.0,0.0,0.0
ADANIPORTS,1740.0,0.0,2.0,0.0,1.0,0.0,0.0
ADANIPORTS,1760.0,1.0,2.0,0.0,1.0,0.0,0.0
ADANIPORTS,1800.0,0.0,2.0,0.0,2.0,0.0,0.0
ADANIPOWER,0.0,0.0,0.0,0.0,0.0,61.0,1.0
ADANIPOWER,180.0,0.0,0.0,1.0,0.0,0.0,0.0
ADANIPOWER,190.0,0.0,0.0,1.0,0.0,0.0,0.0
ADANIPOWER,195.0,0.0,0.0,1.0,1.0,0.0,0.0
ADANIPOWER,200.0,1.0,0.0,2.0,3.0,0.0,0.0
ADANIPOWER,205.0,1.0,0.0,0.0,0.0,0.0,0.0
ADANIPOWER,210.0,4.0,1.0,0.0,2.0,0.0,0.0
ADANIPOWER,215.0,4.0,1.0,0.0,0.0,0.0,0.0
ADANIPOWER,220.0,4.0,2.0,0.0,1.0,0.0,0.0
ADANIPOWER,225.0,1.0,1.0,0.0,1.0,0.0,0.0
ADANIPOWER,230.0,3.0,2.0,0.0,0.0,0.0,0.0
ADANIPOWER,235.0,1.0,0.0,0.0,0.0,0.0,0.0
ADANIPOWER,240.0,3.0,1.0,0.0,0.0,0.0,0.0
ADANIPOWER,250.0,1.0,0.0,0.0,0.0,0.0,0.0
ADANIPOWER,260.0,1.0,0.0,0.0,0.0,0.0,0.0
ALKEM,0.0,0.0,0.0,0.0,0.0,3.0,0.0
ALKEM,5400.0,1.0,0.0,1.0,0.0,0.0,0.0
ALKEM,5500.0,0.0,0.0,0.0,1.0,0.0,0.0
ALKEM,6000.0,1.0,0.0,0.0,0.0,0.0,0.0
AMBER,0.0,0.0,0.0,0.0,0.0,16.0,3.0
AMBER,7300.0,0.0,0.0,1.0,0.0,0.0,0.0
AMBER,7400.0,2.0,0.0,0.0,0.0,0.0,0.0
AMBER,7500.0,1.0,1.0,0.0,1.0,0.0,0.0
AMBER,7700.0,2.0,0.0,0.0,0.0,0.0,0.0
AMBER,7800.0,4.0,0.0,0.0,0.0,0.0,0.0
AMBER,7900.0,1.0,0.0,0.0,0.0,0.0,0.0
AMBER,8000.0,1.0,1.0,0.0,0.0,0.0,0.0
AMBER,8200.0,1.0,0.0,0.0,0.0,0.0,0.0
AMBER,8600.0,1.0,0.0,0.0,0.0,0.0,0.0
AMBUJACEM,0.0,0.0,0.0,0.0,0.0,73.0,0.0
AMBUJACEM,360.0,0.0,0.0,1.0,0.0,0.0,0.0
AMBUJACEM,380.0,0.0,0.0,0.0,1.0,0.0,0.0
AMBUJACEM,400.0,5.0,0.0,0.0,2.0,0.0,0.0
AMBUJACEM,405.0,1.0,0.0,0.0,0.0,0.0,0.0
AMBUJACEM,410.0,8.0,2.0,0.0,2.0,0.0,0.0
AMBUJACEM,415.0,1.0,1.0,0.0,0.0,0.0,0.0
AMBUJACEM,420.0,7.0,4.0,0.0,1.0,0.0,0.0
AMBUJACEM,425.0,2.0,0.0,0.0,2.0,0.0,0.0
AMBUJACEM,430.0,1.0,3.0,0.0,1.0,0.0,0.0
AMBUJACEM,435.0,1.0,0.0,0.0,1.0,0.0,0.0
AMBUJACEM,440.0,2.0,0.0,0.0,0.0,0.0,0.0
AMBUJACEM,450.0,1.0,2.0,0.0,1.0,0.0,0.0
AMBUJACEM,460.0,0.0,1.0,0.0,0.0,0.0,0.0
AMBUJACEM,500.0,4.0,1.0,0.0,1.0,0.0,0.0
ANGELONE,0.0,0.0,0.0,0.0,0.0,13.0,1.0
ANGELONE,270.0,0.0,0.0,0.0,2.0,0.0,0.0
ANGELONE,275.0,0.0,0.0,0.0,1.0,0.0,0.0
ANGELONE,280.0,0.0,0.0,2.0,0.0,0.0,0.0
ANGELONE,290.0,1.0,1.0,2.0,1.0,0.0,0.0
ANGELONE,295.0,0.0,0.0,1.0,0.0,0.0,0.0
ANGELONE,300.0,3.0,1.0,1.0,1.0,0.0,0.0
ANGELONE,305.0,1.0,1.0,0.0,0.0,0.0,0.0
ANGELONE,310.0,2.0,0.0,0.0,0.0,0.0,0.0
ANGELONE,320.0,2.0,2.0,0.0,0.0,0.0,0.0
ANGELONE,330.0,1.0,0.0,0.0,0.0,0.0,0.0
ANGELONE,340.0,1.0,0.0,0.0,1.0,0.0,0.0
ANGELONE,350.0,2.0,0.0,0.0,0.0,0.0,0.0
APLAPOLLO,0.0,0.0,0.0,0.0,0.0,3.0,1.0
APLAPOLLO,1840.0,0.0,1.0,0.0,0.0,0.0,0.0
APLAPOLLO,2100.0,0.0,0.0,0.0,1.0,0.0,0.0
APLAPOLLO,2180.0,0.0,2.0,0.0,0.0,0.0,0.0
APLAPOLLO,2220.0,1.0,0.0,0.0,0.0,0.0,0.0
APLAPOLLO,2400.0,1.0,0.0,0.0,0.0,0.0,0.0
APOLLOHOSP,0.0,0.0,0.0,0.0,0.0,4.0,1.0
APOLLOHOSP,8000.0,0.0,1.0,0.0,0.0,0.0,0.0
APOLLOHOSP,8500.0,0.0,0.0,0.0,2.0,0.0,0.0
APOLLOHOSP,8700.0,0.0,2.0,0.0,1.0,0.0,0.0
APOLLOHOSP,8800.0,1.0,2.0,0.0,0.0,0.0,0.0
APOLLOHOSP,8900.0,2.0,0.0,0.0,0.0,0.0,0.0
APOLLOHOSP,9000.0,1.0,3.0,0.0,0.0,0.0,0.0
APOLLOHOSP,9100.0,0.0,1.0,0.0,0.0,0.0,0.0
APOLLOHOSP,9200.0,1.0,0.0,0.0,0.0,0.0,0.0
APOLLOHOSP,9300.0,1.0,0.0,0.0,0.0,0.0,0.0
APOLLOHOSP,9700.0,0.0,1.0,0.0,0.0,0.0,0.0
APOLLOHOSP,9800.0,0.0,1.0,0.0,0.0,0.0,0.0
APOLLOHOSP,10000.0,4.0,0.0,0.0,0.0,0.0,0.0
APOLLOHOSP,10200.0,1.0,0.0,0.0,0.0,0.0,0.0
ASHOKLEY,0.0,0.0,0.0,0.0,0.0,31.0,3.0
ASHOKLEY,157.5,0.0,0.0,1.0,0.0,0.0,0.0
ASHOKLEY,160.0,0.0,0.0,1.0,2.0,0.0,0.0
ASHOKLEY,165.0,0.0,0.0,2.0,4.0,0.0,0.0
ASHOKLEY,167.5,1.0,0.0,0.0,0.0,0.0,0.0
ASHOKLEY,170.0,2.0,2.0,1.0,3.0,0.0,0.0
ASHOKLEY,172.5,1.0,0.0,0.0,1.0,0.0,0.0
ASHOKLEY,175.0,2.0,1.0,0.0,4.0,0.0,0.0
ASHOKLEY,177.5,1.0,1.0,0.0,1.0,0.0,0.0
ASHOKLEY,180.0,4.0,2.0,0.0,1.0,0.0,0.0
ASHOKLEY,185.0,2.0,1.0,0.0,0.0,0.0,0.0
ASHOKLEY,190.0,2.0,2.0,0.0,0.0,0.0,0.0
ASHOKLEY,200.0,3.0,1.0,0.0,0.0,0.0,0.0
ASHOKLEY,205.0,1.0,0.0,0.0,0.0,0.0,0.0
ASIANPAINT,0.0,0.0,0.0,0.0,0.0,19.0,1.0
ASIANPAINT,2320.0,0.0,0.0,1.0,0.0,0.0,0.0
ASIANPAINT,2360.0,0.0,0.0,1.0,0.0,0.0,0.0
ASIANPAINT,2380.0,0.0,0.0,1.0,0.0,0.0,0.0
ASIANPAINT,2400.0,0.0,0.0,1.0,0.0,0.0,0.0
ASIANPAINT,2420.0,0.0,0.0,1.0,0.0,0.0,0.0
ASIANPAINT,2440.0,0.0,0.0,1.0,0.0,0.0,0.0
ASIANPAINT,2460.0,0.0,0.0,0.0,1.0,0.0,0.0
ASIANPAINT,2540.0,1.0,0.0,0.0,1.0,0.0,0.0
ASIANPAINT,2580.0,1.0,0.0,0.0,1.0,0.0,0.0
ASIANPAINT,2600.0,2.0,0.0,0.0,1.0,0.0,0.0
ASIANPAINT,2640.0,0.0,0.0,0.0,1.0,0.0,0.0
ASIANPAINT,2700.0,2.0,1.0,0.0,1.0,0.0,0.0
ASIANPAINT,2720.0,1.0,0.0,0.0,0.0,0.0,0.0
ASIANPAINT,2800.0,1.0,2.0,0.0,0.0,0.0,0.0
ASIANPAINT,2860.0,1.0,0.0,0.0,0.0,0.0,0.0
ASIANPAINT,2900.0,1.0,0.0,0.0,0.0,0.0,0.0
ASTRAL,0.0,0.0,0.0,0.0,0.0,11.0,0.0
ASTRAL,1460.0,0.0,0.0,0.0,1.0,0.0,0.0
ASTRAL,1500.0,0.0,1.0,0.0,2.0,0.0,0.0
ASTRAL,1520.0,0.0,0.0,0.0,1.0,0.0,0.0
ASTRAL,1560.0,0.0,2.0,0.0,0.0,0.0,0.0
ASTRAL,1600.0,2.0,0.0,0.0,0.0,0.0,0.0
ASTRAL,1720.0,1.0,0.0,0.0,0.0,0.0,0.0
ATHERENERG,0.0,0.0,0.0,0.0,0.0,4.0,1.0
ATHERENERG,1600.0,2.0,0.0,0.0,0.0,0.0,0.0
ATHERENERG,1620.0,1.0,0.0,0.0,0.0,0.0,0.0
ATHERENERG,1680.0,1.0,0.0,0.0,0.0,0.0,0.0
ATHERENERG,1700.0,3.0,1.0,0.0,1.0,0.0,0.0
ATHERENERG,1780.0,1.0,0.0,0.0,0.0,0.0,0.0
ATHERENERG,1800.0,2.0,0.0,0.0,0.0,0.0,0.0
ATHERENERG,1900.0,1.0,0.0,0.0,0.0,0.0,0.0
ATHERENERG,1920.0,1.0,0.0,0.0,0.0,0.0,0.0
AUBANK,0.0,0.0,0.0,0.0,0.0,7.0,4.0
AUBANK,1020.0,0.0,1.0,0.0,0.0,0.0,0.0
AUBANK,1040.0,0.0,0.0,0.0,1.0,0.0,0.0
AUBANK,1080.0,3.0,2.0,0.0,1.0,0.0,0.0
AUBANK,1100.0,1.0,0.0,0.0,0.0,0.0,0.0
AUBANK,1120.0,3.0,0.0,0.0,0.0,0.0,0.0
AUBANK,1140.0,1.0,0.0,0.0,0.0,0.0,0.0
AUBANK,1160.0,0.0,1.0,0.0,0.0,0.0,0.0
AUROPHARMA,0.0,0.0,0.0,0.0,0.0,4.0,0.0
AUROPHARMA,1400.0,0.0,1.0,0.0,0.0,0.0,0.0
AUROPHARMA,1580.0,0.0,0.0,0.0,1.0,0.0,0.0
AUROPHARMA,1700.0,1.0,0.0,0.0,0.0,0.0,0.0
AUROPHARMA,1800.0,3.0,0.0,0.0,0.0,0.0,0.0
AXISBANK,0.0,0.0,0.0,0.0,0.0,36.0,6.0
AXISBANK,1120.0,0.0,0.0,0.0,1.0,0.0,0.0
AXISBANK,1140.0,0.0,0.0,0.0,1.0,0.0,0.0
AXISBANK,1160.0,0.0,0.0,0.0,2.0,0.0,0.0
AXISBANK,1180.0,0.0,0.0,0.0,2.0,0.0,0.0
AXISBANK,1200.0,0.0,0.0,2.0,2.0,0.0,0.0
AXISBANK,1240.0,0.0,1.0,1.0,3.0,0.0,0.0
AXISBANK,1260.0,5.0,2.0,0.0,9.0,0.0,0.0
AXISBANK,1280.0,2.0,3.0,0.0,2.0,0.0,0.0
AXISBANK,1300.0,5.0,11.0,0.0,9.0,0.0,0.0
AXISBANK,1320.0,0.0,1.0,0.0,0.0,0.0,0.0
AXISBANK,1340.0,0.0,0.0,0.0,1.0,0.0,0.0
AXISBANK,1360.0,1.0,4.0,0.0,0.0,0.0,0.0
AXISBANK,1380.0,0.0,1.0,0.0,0.0,0.0,0.0
AXISBANK,1400.0,0.0,1.0,0.0,0.0,0.0,0.0
BAJAJ-AUTO,0.0,0.0,0.0,0.0,0.0,7.0,2.0
BAJAJ-AUTO,10000.0,0.0,2.0,0.0,0.0,0.0,0.0
BAJAJ-AUTO,10500.0,0.0,0.0,0.0,1.0,0.0,0.0
BAJAJ-AUTO,11000.0,0.0,0.0,0.0,1.0,0.0,0.0
BAJAJ-AUTO,11100.0,0.0,0.0,0.0,1.0,0.0,0.0
BAJAJ-AUTO,11200.0,0.0,0.0,1.0,0.0,0.0,0.0
BAJAJ-AUTO,11300.0,0.0,0.0,1.0,0.0,0.0,0.0
BAJAJ-AUTO,11500.0,21.0,0.0,1.0,0.0,0.0,0.0
BAJAJ-AUTO,11600.0,0.0,0.0,1.0,1.0,0.0,0.0
BAJAJ-AUTO,11800.0,0.0,0.0,2.0,1.0,0.0,0.0
BAJAJ-AUTO,12000.0,0.0,21.0,0.0,1.0,0.0,0.0
BAJAJ-AUTO,12100.0,1.0,0.0,0.0,0.0,0.0,0.0
BAJAJ-AUTO,12300.0,2.0,1.0,0.0,0.0,0.0,0.0
BAJAJ-AUTO,12400.0,2.0,0.0,0.0,0.0,0.0,0.0
BAJAJ-AUTO,12500.0,3.0,0.0,0.0,1.0,0.0,0.0
BAJAJ-AUTO,12600.0,1.0,0.0,0.0,0.0,0.0,0.0
BAJAJ-AUTO,12700.0,1.0,0.0,0.0,0.0,0.0,0.0
BAJAJ-AUTO,12800.0,0.0,2.0,0.0,0.0,0.0,0.0
BAJAJ-AUTO,12900.0,2.0,1.0,0.0,0.0,0.0,0.0
BAJAJ-AUTO,13000.0,3.0,2.0,0.0,0.0,0.0,0.0
BAJAJ-AUTO,13100.0,0.0,2.0,0.0,0.0,0.0,0.0
BAJAJ-AUTO,13200.0,0.0,3.0,0.0,0.0,0.0,0.0
BAJAJ-AUTO,13400.0,0.0,3.0,0.0,0.0,0.0,0.0
BAJAJFINSV,0.0,0.0,0.0,0.0,0.0,3.0,2.0
BAJAJFINSV,1800.0,0.0,1.0,0.0,0.0,0.0,0.0
BAJAJFINSV,1840.0,0.0,0.0,1.0,0.0,0.0,0.0
BAJAJFINSV,1960.0,0.0,0.0,1.0,0.0,0.0,0.0
BAJAJFINSV,1980.0,2.0,0.0,0.0,0.0,0.0,0.0
BAJAJFINSV,2000.0,3.0,1.0,0.0,1.0,0.0,0.0
BAJAJFINSV,2080.0,1.0,0.0,0.0,0.0,0.0,0.0
BAJAJFINSV,2100.0,2.0,0.0,0.0,0.0,0.0,0.0
BAJAJFINSV,2140.0,1.0,0.0,0.0,0.0,0.0,0.0
BAJAJFINSV,2160.0,1.0,0.0,0.0,0.0,0.0,0.0
BAJAJFINSV,2200.0,0.0,0.0,0.0,1.0,0.0,0.0
BAJAJHLDNG,0.0,0.0,0.0,0.0,0.0,1.0,0.0
BAJFINANCE,0.0,0.0,0.0,0.0,0.0,19.0,2.0
BAJFINANCE,900.0,0.0,0.0,2.0,0.0,0.0,0.0
BAJFINANCE,980.0,0.0,0.0,1.0,1.0,0.0,0.0
BAJFINANCE,1000.0,0.0,0.0,0.0,1.0,0.0,0.0
BAJFINANCE,1020.0,0.0,0.0,0.0,2.0,0.0,0.0
BAJFINANCE,1040.0,0.0,0.0,1.0,0.0,0.0,0.0
BAJFINANCE,1050.0,1.0,0.0,1.0,0.0,0.0,0.0
BAJFINANCE,1060.0,2.0,0.0,1.0,0.0,0.0,0.0
BAJFINANCE,1070.0,1.0,0.0,0.0,0.0,0.0,0.0
BAJFINANCE,1080.0,4.0,1.0,0.0,1.0,0.0,0.0
BAJFINANCE,1100.0,3.0,1.0,0.0,1.0,0.0,0.0
BAJFINANCE,1120.0,1.0,0.0,0.0,0.0,0.0,0.0
BAJFINANCE,1150.0,0.0,1.0,0.0,0.0,0.0,0.0
BAJFINANCE,1160.0,0.0,1.0,0.0,0.0,0.0,0.0
BAJFINANCE,1170.0,0.0,1.0,0.0,0.0,0.0,0.0
BAJFINANCE,1200.0,3.0,0.0,0.0,0.0,0.0,0.0
BANDHANBNK,0.0,0.0,0.0,0.0,0.0,34.0,0.0
BANDHANBNK,150.0,0.0,0.0,0.0,1.0,0.0,0.0
BANDHANBNK,155.0,0.0,0.0,0.0,1.0,0.0,0.0
BANDHANBNK,160.0,0.0,0.0,1.0,2.0,0.0,0.0
BANDHANBNK,165.0,0.0,0.0,0.0,21.0,0.0,0.0
BANDHANBNK,170.0,4.0,3.0,0.0,6.0,0.0,0.0
BANDHANBNK,175.0,1.0,1.0,0.0,2.0,0.0,0.0
BANDHANBNK,180.0,4.0,1.0,0.0,7.0,0.0,0.0
BANDHANBNK,185.0,1.0,1.0,0.0,0.0,0.0,0.0
BANDHANBNK,190.0,2.0,3.0,0.0,0.0,0.0,0.0
BANDHANBNK,195.0,0.0,2.0,0.0,0.0,0.0,0.0
BANDHANBNK,200.0,1.0,3.0,0.0,6.0,0.0,0.0
BANDHANBNK,210.0,0.0,0.0,0.0,2.0,0.0,0.0
BANKBARODA,0.0,0.0,0.0,0.0,0.0,60.0,3.0
BANKBARODA,225.0,0.0,0.0,0.0,1.0,0.0,0.0
BANKBARODA,230.0,0.0,1.0,5.0,4.0,0.0,0.0
BANKBARODA,235.0,0.0,0.0,4.0,3.0,0.0,0.0
BANKBARODA,240.0,3.0,1.0,0.0,4.0,0.0,0.0
BANKBARODA,245.0,2.0,3.0,0.0,5.0,0.0,0.0
BANKBARODA,250.0,6.0,11.0,0.0,6.0,0.0,0.0
BANKBARODA,255.0,1.0,4.0,0.0,1.0,0.0,0.0
BANKBARODA,260.0,4.0,6.0,0.0,2.0,0.0,0.0
BANKBARODA,265.0,2.0,1.0,0.0,1.0,0.0,0.0
BANKBARODA,270.0,2.0,2.0,0.0,3.0,0.0,0.0
BANKBARODA,275.0,0.0,0.0,0.0,1.0,0.0,0.0
BANKBARODA,280.0,0.0,1.0,0.0,1.0,0.0,0.0
BANKBARODA,290.0,1.0,0.0,0.0,1.0,0.0,0.0
BANKINDIA,0.0,0.0,0.0,0.0,0.0,15.0,1.0
BANKINDIA,130.0,0.0,0.0,1.0,0.0,0.0,0.0
BANKINDIA,140.0,0.0,0.0,0.0,2.0,0.0,0.0
BANKINDIA,142.5,0.0,0.0,0.0,1.0,0.0,0.0
BANKINDIA,145.0,0.0,0.0,0.0,3.0,0.0,0.0
BANKINDIA,150.0,2.0,1.0,0.0,0.0,0.0,0.0
BANKINDIA,155.0,0.0,4.0,0.0,0.0,0.0,0.0
BANKINDIA,160.0,0.0,2.0,0.0,0.0,0.0,0.0
BANKNIFTY,0.0,0.0,0.0,0.0,0.0,102.0,11.0
BANKNIFTY,48000.0,0.0,2.0,0.0,0.0,0.0,0.0
BANKNIFTY,50000.0,0.0,2.0,1.0,0.0,0.0,0.0
BANKNIFTY,51000.0,0.0,4.0,1.0,1.0,0.0,0.0
BANKNIFTY,52000.0,0.0,1.0,1.0,0.0,0.0,0.0
BANKNIFTY,52500.0,0.0,0.0,0.0,2.0,0.0,0.0
BANKNIFTY,53000.0,0.0,1.0,2.0,2.0,0.0,0.0
BANKNIFTY,53500.0,0.0,0.0,0.0,5.0,0.0,0.0
BANKNIFTY,54000.0,0.0,0.0,1.0,4.0,0.0,0.0
BANKNIFTY,54400.0,0.0,0.0,0.0,1.0,0.0,0.0
BANKNIFTY,54500.0,0.0,0.0,0.0,1.0,0.0,0.0
BANKNIFTY,55000.0,0.0,1.0,3.0,2.0,0.0,0.0
BANKNIFTY,55500.0,0.0,1.0,1.0,1.0,0.0,0.0
BANKNIFTY,55800.0,0.0,0.0,1.0,1.0,0.0,0.0
BANKNIFTY,55900.0,0.0,0.0,0.0,1.0,0.0,0.0
BANKNIFTY,56000.0,1.0,2.0,1.0,3.0,0.0,0.0
BANKNIFTY,56100.0,0.0,0.0,1.0,0.0,0.0,0.0
BANKNIFTY,56200.0,0.0,0.0,2.0,0.0,0.0,0.0
BANKNIFTY,56300.0,0.0,0.0,1.0,2.0,0.0,0.0
BANKNIFTY,56400.0,0.0,0.0,1.0,3.0,0.0,0.0
BANKNIFTY,56500.0,1.0,0.0,4.0,2.0,0.0,0.0
BANKNIFTY,56600.0,0.0,0.0,0.0,1.0,0.0,0.0
BANKNIFTY,56700.0,0.0,1.0,0.0,1.0,0.0,0.0
BANKNIFTY,56800.0,1.0,0.0,0.0,2.0,0.0,0.0
BANKNIFTY,56900.0,0.0,0.0,0.0,1.0,0.0,0.0
BANKNIFTY,57000.0,7.0,2.0,7.0,11.0,0.0,0.0
BANKNIFTY,57100.0,4.0,0.0,3.0,0.0,0.0,0.0
BANKNIFTY,57200.0,6.0,2.0,1.0,3.0,0.0,0.0
BANKNIFTY,57300.0,4.0,0.0,5.0,1.0,0.0,0.0
BANKNIFTY,57400.0,3.0,1.0,2.0,0.0,0.0,0.0
BANKNIFTY,57500.0,14.0,6.0,11.0,7.0,0.0,0.0
BANKNIFTY,57600.0,7.0,0.0,5.0,1.0,0.0,0.0
BANKNIFTY,57700.0,8.0,0.0,0.0,1.0,0.0,0.0
BANKNIFTY,57800.0,6.0,1.0,1.0,0.0,0.0,0.0
BANKNIFTY,57900.0,4.0,1.0,0.0,1.0,0.0,0.0
BANKNIFTY,58000.0,28.0,9.0,1.0,8.0,0.0,0.0
BANKNIFTY,58100.0,1.0,0.0,0.0,0.0,0.0,0.0
BANKNIFTY,58200.0,2.0,0.0,0.0,0.0,0.0,0.0
BANKNIFTY,58300.0,3.0,0.0,2.0,0.0,0.0,0.0
BANKNIFTY,58400.0,1.0,0.0,0.0,1.0,0.0,0.0
BANKNIFTY,58500.0,12.0,5.0,0.0,3.0,0.0,0.0
BANKNIFTY,58600.0,1.0,1.0,0.0,1.0,0.0,0.0
BANKNIFTY,58700.0,2.0,1.0,0.0,0.0,0.0,0.0
BANKNIFTY,58800.0,0.0,4.0,0.0,0.0,0.0,0.0
BANKNIFTY,59000.0,8.0,16.0,1.0,2.0,0.0,0.0
BANKNIFTY,59100.0,0.0,1.0,0.0,0.0,0.0,0.0
BANKNIFTY,59300.0,0.0,1.0,0.0,0.0,0.0,0.0
BANKNIFTY,59500.0,4.0,5.0,0.0,0.0,0.0,0.0
BANKNIFTY,59600.0,1.0,2.0,0.0,0.0,0.0,0.0
BANKNIFTY,59700.0,1.0,1.0,0.0,0.0,0.0,0.0
BANKNIFTY,59800.0,0.0,1.0,0.0,0.0,0.0,0.0
BANKNIFTY,59900.0,0.0,1.0,0.0,0.0,0.0,0.0
BANKNIFTY,60000.0,4.0,10.0,0.0,2.0,0.0,0.0
BANKNIFTY,60100.0,0.0,1.0,0.0,0.0,0.0,0.0
BANKNIFTY,60200.0,0.0,1.0,0.0,0.0,0.0,0.0
BANKNIFTY,60300.0,0.0,1.0,0.0,0.0,0.0,0.0
BANKNIFTY,60500.0,1.0,4.0,0.0,0.0,0.0,0.0
BANKNIFTY,61000.0,1.0,8.0,0.0,1.0,0.0,0.0
BANKNIFTY,61500.0,0.0,2.0,0.0,2.0,0.0,0.0
BANKNIFTY,62000.0,1.0,1.0,0.0,1.0,0.0,0.0
BANKNIFTY,63000.0,0.0,2.0,0.0,1.0,0.0,0.0
BANKNIFTY,64000.0,0.0,0.0,0.0,1.0,0.0,0.0
BANKNIFTY,64500.0,1.0,0.0,0.0,1.0,0.0,0.0
BANKNIFTY,65000.0,0.0,0.0,0.0,2.0,0.0,0.0
BDL,0.0,0.0,0.0,0.0,0.0,35.0,3.0
BDL,1080.0,0.0,0.0,1.0,0.0,0.0,0.0
BDL,1160.0,0.0,0.0,0.0,1.0,0.0,0.0
BDL,1240.0,1.0,0.0,0.0,0.0,0.0,0.0
BDL,1260.0,0.0,0.0,1.0,1.0,0.0,0.0
BDL,1280.0,2.0,0.0,0.0,0.0,0.0,0.0
BDL,1300.0,1.0,0.0,0.0,2.0,0.0,0.0
BDL,1320.0,1.0,0.0,0.0,0.0,0.0,0.0
BDL,1340.0,1.0,0.0,0.0,0.0,0.0,0.0
BDL,1360.0,1.0,0.0,0.0,0.0,0.0,0.0
BDL,1380.0,0.0,1.0,0.0,0.0,0.0,0.0
BDL,1400.0,4.0,1.0,0.0,0.0,0.0,0.0
BDL,1420.0,1.0,0.0,0.0,0.0,0.0,0.0
BDL,1440.0,1.0,0.0,0.0,0.0,0.0,0.0
BDL,1500.0,1.0,1.0,0.0,0.0,0.0,0.0
BDL,1520.0,0.0,1.0,0.0,0.0,0.0,0.0
BDL,1560.0,0.0,1.0,0.0,0.0,0.0,0.0
BDL,1600.0,1.0,1.0,0.0,0.0,0.0,0.0
BEL,0.0,0.0,0.0,0.0,0.0,89.0,2.0
BEL,380.0,0.0,1.0,0.0,2.0,0.0,0.0
BEL,390.0,0.0,0.0,0.0,1.0,0.0,0.0
BEL,395.0,0.0,0.0,0.0,1.0,0.0,0.0
BEL,400.0,2.0,0.0,0.0,2.0,0.0,0.0
BEL,405.0,4.0,0.0,0.0,1.0,0.0,0.0
BEL,410.0,4.0,2.0,0.0,3.0,0.0,0.0
BEL,415.0,4.0,2.0,0.0,4.0,0.0,0.0
BEL,420.0,5.0,3.0,0.0,1.0,0.0,0.0
BEL,425.0,1.0,1.0,0.0,1.0,0.0,0.0
BEL,430.0,3.0,5.0,0.0,0.0,0.0,0.0
BEL,435.0,0.0,0.0,0.0,1.0,0.0,0.0
BEL,440.0,1.0,6.0,0.0,2.0,0.0,0.0
BEL,445.0,0.0,1.0,0.0,0.0,0.0,0.0
BEL,450.0,1.0,6.0,0.0,1.0,0.0,0.0
BEL,460.0,1.0,0.0,0.0,0.0,0.0,0.0
BEL,470.0,0.0,1.0,0.0,0.0,0.0,0.0
BEL,480.0,0.0,1.0,0.0,0.0,0.0,0.0
BHARATFORG,0.0,0.0,0.0,0.0,0.0,14.0,2.0
BHARATFORG,1900.0,0.0,1.0,0.0,0.0,0.0,0.0
BHARATFORG,1980.0,3.0,0.0,0.0,0.0,0.0,0.0
BHARATFORG,2000.0,1.0,2.0,0.0,1.0,0.0,0.0
BHARATFORG,2020.0,2.0,0.0,0.0,0.0,0.0,0.0
BHARATFORG,2040.0,2.0,0.0,0.0,0.0,0.0,0.0
BHARATFORG,2060.0,2.0,1.0,0.0,6.0,0.0,0.0
BHARATFORG,2100.0,2.0,0.0,0.0,0.0,0.0,0.0
BHARATFORG,2120.0,1.0,0.0,0.0,0.0,0.0,0.0
BHARATFORG,2140.0,0.0,1.0,0.0,0.0,0.0,0.0
BHARATFORG,2200.0,0.0,0.0,0.0,3.0,0.0,0.0
BHARATFORG,2300.0,2.0,0.0,0.0,1.0,0.0,0.0
BHARTIARTL,0.0,0.0,0.0,0.0,0.0,31.0,0.0
BHARTIARTL,1760.0,0.0,0.0,1.0,0.0,0.0,0.0
BHARTIARTL,1800.0,0.0,0.0,1.0,0.0,0.0,0.0
BHARTIARTL,1820.0,2.0,0.0,0.0,0.0,0.0,0.0
BHARTIARTL,1840.0,0.0,0.0,0.0,1.0,0.0,0.0
BHARTIARTL,1860.0,1.0,0.0,0.0,2.0,0.0,0.0
BHARTIARTL,1880.0,2.0,0.0,0.0,0.0,0.0,0.0
BHARTIARTL,1900.0,7.0,1.0,0.0,4.0,0.0,0.0
BHARTIARTL,1920.0,4.0,3.0,0.0,1.0,0.0,0.0
BHARTIARTL,1940.0,1.0,0.0,0.0,1.0,0.0,0.0
BHARTIARTL,1960.0,3.0,2.0,0.0,0.0,0.0,0.0
BHARTIARTL,2000.0,0.0,1.0,0.0,2.0,0.0,0.0
BHARTIARTL,2060.0,0.0,1.0,0.0,0.0,0.0,0.0
BHARTIARTL,2100.0,0.0,1.0,0.0,0.0,0.0,0.0
BHEL,0.0,0.0,0.0,0.0,0.0,22.0,10.0
BHEL,370.0,0.0,0.0,0.0,1.0,0.0,0.0
BHEL,380.0,0.0,2.0,0.0,1.0,0.0,0.0
BHEL,390.0,0.0,0.0,4.0,0.0,0.0,0.0
BHEL,400.0,1.0,0.0,2.0,1.0,0.0,0.0
BHEL,410.0,0.0,2.0,1.0,1.0,0.0,0.0
BHEL,415.0,0.0,0.0,0.0,1.0,0.0,0.0
BHEL,420.0,3.0,1.0,1.0,5.0,0.0,0.0
BHEL,425.0,1.0,0.0,3.0,1.0,0.0,0.0
BHEL,430.0,5.0,1.0,0.0,2.0,0.0,0.0
BHEL,435.0,2.0,0.0,0.0,0.0,0.0,0.0
BHEL,440.0,4.0,2.0,0.0,1.0,0.0,0.0
BHEL,445.0,1.0,0.0,0.0,0.0,0.0,0.0
BHEL,450.0,7.0,2.0,0.0,0.0,0.0,0.0
BHEL,465.0,1.0,0.0,0.0,0.0,0.0,0.0
BHEL,470.0,1.0,1.0,0.0,0.0,0.0,0.0
BHEL,480.0,2.0,2.0,0.0,0.0,0.0,0.0
BHEL,490.0,1.0,0.0,0.0,0.0,0.0,0.0
BHEL,500.0,3.0,2.0,0.0,0.0,0.0,0.0
BIOCON,0.0,0.0,0.0,0.0,0.0,39.0,0.0
BIOCON,380.0,0.0,0.0,1.0,1.0,0.0,0.0
BIOCON,390.0,0.0,0.0,1.0,1.0,0.0,0.0
BIOCON,395.0,1.0,0.0,0.0,1.0,0.0,0.0
BIOCON,400.0,0.0,1.0,0.0,3.0,0.0,0.0
BIOCON,410.0,2.0,1.0,0.0,1.0,0.0,0.0
BIOCON,415.0,1.0,8.0,0.0,0.0,0.0,0.0
BIOCON,420.0,3.0,1.0,0.0,0.0,0.0,0.0
BIOCON,425.0,4.0,0.0,0.0,0.0,0.0,0.0
BIOCON,430.0,2.0,1.0,0.0,0.0,0.0,0.0
BIOCON,440.0,1.0,1.0,0.0,0.0,0.0,0.0
BIOCON,450.0,1.0,0.0,0.0,0.0,0.0,0.0
BLUESTARCO,0.0,0.0,0.0,0.0,0.0,13.0,0.0
BLUESTARCO,1320.0,0.0,0.0,0.0,1.0,0.0,0.0
BLUESTARCO,1400.0,1.0,0.0,0.0,0.0,0.0,0.0
BLUESTARCO,1500.0,0.0,2.0,0.0,1.0,0.0,0.0
BLUESTARCO,1540.0,0.0,0.0,0.0,1.0,0.0,0.0
BLUESTARCO,1560.0,0.0,2.0,0.0,0.0,0.0,0.0
BLUESTARCO,1600.0,1.0,0.0,0.0,0.0,0.0,0.0
BOSCHLTD,0.0,0.0,0.0,0.0,0.0,0.0,4.0
BOSCHLTD,40000.0,0.0,2.0,0.0,0.0,0.0,0.0
BOSCHLTD,41000.0,0.0,1.0,0.0,0.0,0.0,0.0
BOSCHLTD,42000.0,0.0,0.0,1.0,0.0,0.0,0.0
BOSCHLTD,45000.0,0.0,0.0,0.0,1.0,0.0,0.0
BOSCHLTD,46500.0,0.0,0.0,1.0,0.0,0.0,0.0
BOSCHLTD,47000.0,0.0,0.0,1.0,0.0,0.0,0.0
BOSCHLTD,48500.0,1.0,0.0,0.0,0.0,0.0,0.0
BOSCHLTD,49000.0,1.0,0.0,0.0,0.0,0.0,0.0
BOSCHLTD,49500.0,1.0,0.0,0.0,0.0,0.0,0.0
BOSCHLTD,50000.0,1.0,0.0,0.0,0.0,0.0,0.0
BPCL,0.0,0.0,0.0,0.0,0.0,16.0,1.0
BPCL,280.0,0.0,0.0,1.0,0.0,0.0,0.0
BPCL,290.0,0.0,0.0,1.0,0.0,0.0,0.0
BPCL,300.0,0.0,0.0,1.0,0.0,0.0,0.0
BPCL,310.0,0.0,1.0,1.0,2.0,0.0,0.0
BPCL,315.0,2.0,0.0,0.0,1.0,0.0,0.0
BPCL,320.0,1.0,0.0,1.0,1.0,0.0,0.0
BPCL,325.0,0.0,1.0,0.0,0.0,0.0,0.0
BPCL,330.0,0.0,1.0,0.0,0.0,0.0,0.0
BPCL,340.0,0.0,0.0,0.0,1.0,0.0,0.0
BPCL,350.0,0.0,2.0,0.0,0.0,0.0,0.0
BRITANNIA,0.0,0.0,0.0,0.0,0.0,8.0,0.0
BRITANNIA,5000.0,0.0,0.0,1.0,0.0,0.0,0.0
BRITANNIA,5100.0,2.0,0.0,0.0,0.0,0.0,0.0
BRITANNIA,5200.0,1.0,0.0,0.0,0.0,0.0,0.0
BRITANNIA,5300.0,1.0,0.0,0.0,0.0,0.0,0.0
BRITANNIA,5400.0,1.0,1.0,0.0,1.0,0.0,0.0
BRITANNIA,5500.0,1.0,0.0,0.0,0.0,0.0,0.0
BRITANNIA,5700.0,0.0,0.0,0.0,1.0,0.0,0.0
BSE,0.0,0.0,0.0,0.0,0.0,73.0,9.0
BSE,2600.0,0.0,0.0,0.0,3.0,0.0,0.0
BSE,2800.0,0.0,0.0,2.0,6.0,0.0,0.0
BSE,2900.0,0.0,0.0,4.0,2.0,0.0,0.0
BSE,3000.0,2.0,0.0,0.0,12.0,0.0,0.0
BSE,3100.0,0.0,0.0,0.0,6.0,0.0,0.0
BSE,3200.0,1.0,2.0,7.0,3.0,0.0,0.0
BSE,3300.0,2.0,1.0,4.0,4.0,0.0,0.0
BSE,3400.0,7.0,4.0,8.0,4.0,0.0,0.0
BSE,3500.0,11.0,5.0,1.0,2.0,0.0,0.0
BSE,3600.0,5.0,4.0,0.0,0.0,0.0,0.0
BSE,3700.0,2.0,3.0,0.0,1.0,0.0,0.0
BSE,3800.0,8.0,2.0,0.0,0.0,0.0,0.0
BSE,3900.0,1.0,0.0,0.0,0.0,0.0,0.0
BSE,4000.0,1.0,2.0,0.0,1.0,0.0,0.0
BSE,4200.0,0.0,1.0,0.0,0.0,0.0,0.0
CAMS,0.0,0.0,0.0,0.0,0.0,24.0,0.0
CAMS,680.0,0.0,0.0,1.0,0.0,0.0,0.0
CAMS,700.0,0.0,0.0,1.0,0.0,0.0,0.0
CAMS,750.0,4.0,3.0,0.0,2.0,0.0,0.0
CAMS,760.0,0.0,2.0,0.0,0.0,0.0,0.0
CAMS,770.0,0.0,2.0,0.0,2.0,0.0,0.0
CAMS,780.0,2.0,0.0,0.0,0.0,0.0,0.0
CAMS,790.0,1.0,0.0,0.0,0.0,0.0,0.0
CAMS,800.0,0.0,2.0,0.0,0.0,0.0,0.0
CAMS,850.0,1.0,0.0,0.0,0.0,0.0,0.0
CANBK,0.0,0.0,0.0,0.0,0.0,44.0,1.0
CANBK,110.0,0.0,0.0,1.0,0.0,0.0,0.0
CANBK,120.0,0.0,1.0,2.0,0.0,0.0,0.0
CANBK,125.0,2.0,0.0,0.0,4.0,0.0,0.0
CANBK,127.5,3.0,2.0,0.0,1.0,0.0,0.0
CANBK,130.0,8.0,3.0,0.0,7.0,0.0,0.0
CANBK,132.5,2.0,0.0,0.0,0.0,0.0,0.0
CANBK,135.0,3.0,4.0,0.0,3.0,0.0,0.0
CANBK,137.5,5.0,0.0,0.0,0.0,0.0,0.0
CANBK,140.0,2.0,5.0,0.0,1.0,0.0,0.0
CANBK,145.0,0.0,3.0,0.0,0.0,0.0,0.0
CANBK,150.0,1.0,1.0,0.0,0.0,0.0,0.0
CDSL,0.0,0.0,0.0,0.0,0.0,40.0,1.0
CDSL,1200.0,0.0,0.0,2.0,0.0,0.0,0.0
CDSL,1300.0,0.0,1.0,2.0,3.0,0.0,0.0
CDSL,1320.0,0.0,0.0,0.0,2.0,0.0,0.0
CDSL,1340.0,0.0,1.0,0.0,2.0,0.0,0.0
CDSL,1360.0,0.0,0.0,1.0,1.0,0.0,0.0
CDSL,1400.0,4.0,2.0,1.0,1.0,0.0,0.0
CDSL,1420.0,4.0,0.0,0.0,0.0,0.0,0.0
CDSL,1440.0,6.0,3.0,0.0,3.0,0.0,0.0
CDSL,1460.0,1.0,2.0,0.0,0.0,0.0,0.0
CDSL,1500.0,3.0,1.0,0.0,1.0,0.0,0.0
CDSL,1520.0,2.0,3.0,0.0,0.0,0.0,0.0
CDSL,1560.0,0.0,2.0,0.0,0.0,0.0,0.0
CDSL,1600.0,0.0,2.0,0.0,0.0,0.0,0.0
CGPOWER,0.0,0.0,0.0,0.0,0.0,12.0,5.0
CGPOWER,780.0,0.0,0.0,3.0,0.0,0.0,0.0
CGPOWER,820.0,0.0,0.0,0.0,1.0,0.0,0.0
CGPOWER,860.0,1.0,1.0,1.0,1.0,0.0,0.0
CGPOWER,880.0,2.0,2.0,3.0,0.0,0.0,0.0
CGPOWER,900.0,2.0,0.0,0.0,1.0,0.0,0.0
CGPOWER,920.0,1.0,0.0,0.0,0.0,0.0,0.0
CGPOWER,940.0,1.0,0.0,0.0,2.0,0.0,0.0
CHOLAFIN,0.0,0.0,0.0,0.0,0.0,4.0,4.0
CHOLAFIN,1800.0,0.0,2.0,0.0,2.0,0.0,0.0
CHOLAFIN,1820.0,0.0,0.0,0.0,1.0,0.0,0.0
CHOLAFIN,1840.0,0.0,1.0,0.0,0.0,0.0,0.0
CHOLAFIN,1860.0,0.0,1.0,0.0,0.0,0.0,0.0
CHOLAFIN,1900.0,0.0,2.0,0.0,1.0,0.0,0.0
CHOLAFIN,1920.0,1.0,0.0,0.0,0.0,0.0,0.0
CIPLA,0.0,0.0,0.0,0.0,0.0,8.0,0.0
CIPLA,1300.0,0.0,0.0,1.0,0.0,0.0,0.0
CIPLA,1380.0,0.0,0.0,0.0,1.0,0.0,0.0
CIPLA,1400.0,4.0,0.0,0.0,1.0,0.0,0.0
CIPLA,1410.0,1.0,0.0,0.0,0.0,0.0,0.0
CIPLA,1440.0,1.0,0.0,0.0,0.0,0.0,0.0
CIPLA,1500.0,1.0,0.0,0.0,0.0,0.0,0.0
COALINDIA,0.0,0.0,0.0,0.0,0.0,28.0,0.0
COALINDIA,370.0,0.0,0.0,2.0,0.0,0.0,0.0
COALINDIA,390.0,0.0,0.0,0.0,1.0,0.0,0.0
COALINDIA,395.0,0.0,0.0,0.0,2.0,0.0,0.0
COALINDIA,400.0,2.0,1.0,1.0,0.0,0.0,0.0
COALINDIA,405.0,0.0,1.0,0.0,0.0,0.0,0.0
COALINDIA,410.0,0.0,0.0,3.0,0.0,0.0,0.0
COALINDIA,420.0,3.0,2.0,0.0,4.0,0.0,0.0
COALINDIA,430.0,6.0,3.0,0.0,0.0,0.0,0.0
COALINDIA,440.0,0.0,1.0,0.0,0.0,0.0,0.0
COALINDIA,450.0,5.0,1.0,0.0,1.0,0.0,0.0
COCHINSHIP,0.0,0.0,0.0,0.0,0.0,6.0,2.0
COCHINSHIP,1500.0,1.0,1.0,1.0,1.0,0.0,0.0
COCHINSHIP,1560.0,2.0,0.0,0.0,2.0,0.0,0.0
COCHINSHIP,1580.0,2.0,0.0,0.0,0.0,0.0,0.0
COCHINSHIP,1600.0,6.0,0.0,0.0,0.0,0.0,0.0
COCHINSHIP,1700.0,3.0,0.0,0.0,0.0,0.0,0.0
COFORGE,0.0,0.0,0.0,0.0,0.0,23.0,2.0
COFORGE,1800.0,0.0,0.0,0.0,2.0,0.0,0.0
COFORGE,1840.0,0.0,1.0,0.0,1.0,0.0,0.0
COFORGE,1860.0,0.0,1.0,1.0,0.0,0.0,0.0
COFORGE,1900.0,1.0,1.0,0.0,1.0,0.0,0.0
COFORGE,1920.0,0.0,0.0,1.0,0.0,0.0,0.0
COFORGE,1960.0,1.0,10.0,0.0,0.0,0.0,0.0
COFORGE,1980.0,1.0,0.0,0.0,0.0,0.0,0.0
COFORGE,2000.0,3.0,1.0,0.0,1.0,0.0,0.0
COFORGE,2020.0,1.0,0.0,0.0,0.0,0.0,0.0
COFORGE,2060.0,1.0,0.0,0.0,0.0,0.0,0.0
COFORGE,2100.0,3.0,0.0,0.0,0.0,0.0,0.0
COFORGE,2120.0,0.0,1.0,0.0,0.0,0.0,0.0
COFORGE,2200.0,0.0,1.0,0.0,0.0,0.0,0.0
COLPAL,0.0,0.0,0.0,0.0,0.0,44.0,2.0
COLPAL,1800.0,1.0,0.0,1.0,0.0,0.0,0.0
COLPAL,1840.0,1.0,0.0,0.0,0.0,0.0,0.0
COLPAL,1880.0,0.0,1.0,0.0,0.0,0.0,0.0
COLPAL,1900.0,0.0,2.0,0.0,0.0,0.0,0.0
COLPAL,1920.0,0.0,1.0,1.0,0.0,0.0,0.0
COLPAL,1960.0,1.0,0.0,0.0,0.0,0.0,0.0
COLPAL,2000.0,2.0,0.0,0.0,0.0,0.0,0.0
COLPAL,2040.0,0.0,0.0,0.0,1.0,0.0,0.0
COLPAL,2100.0,0.0,0.0,0.0,1.0,0.0,0.0
COLPAL,2400.0,0.0,0.0,0.0,1.0,0.0,0.0
CONCOR,0.0,0.0,0.0,0.0,0.0,48.0,0.0
CONCOR,480.0,0.0,0.0,1.0,0.0,0.0,0.0
CONCOR,500.0,2.0,1.0,0.0,2.0,0.0,0.0
CONCOR,510.0,1.0,0.0,0.0,0.0,0.0,0.0
CONCOR,520.0,4.0,3.0,0.0,1.0,0.0,0.0
CONCOR,525.0,0.0,0.0,0.0,1.0,0.0,0.0
CONCOR,530.0,3.0,2.0,0.0,0.0,0.0,0.0
CONCOR,540.0,2.0,0.0,0.0,0.0,0.0,0.0
CONCOR,550.0,2.0,0.0,0.0,0.0,0.0,0.0
CONCOR,570.0,1.0,0.0,0.0,0.0,0.0,0.0
CONCOR,580.0,0.0,0.0,0.0,1.0,0.0,0.0
CONCOR,600.0,0.0,1.0,0.0,0.0,0.0,0.0
CROMPTON,0.0,0.0,0.0,0.0,0.0,30.0,0.0
CROMPTON,210.0,0.0,0.0,0.0,1.0,0.0,0.0
CROMPTON,230.0,1.0,0.0,0.0,0.0,0.0,0.0
CROMPTON,240.0,0.0,2.0,0.0,1.0,0.0,0.0
CROMPTON,245.0,0.0,0.0,0.0,1.0,0.0,0.0
CROMPTON,250.0,3.0,1.0,0.0,7.0,0.0,0.0
CROMPTON,260.0,2.0,0.0,0.0,0.0,0.0,0.0
CROMPTON,265.0,0.0,0.0,0.0,1.0,0.0,0.0
CROMPTON,270.0,2.0,0.0,0.0,0.0,0.0,0.0
CUMMINSIND,0.0,0.0,0.0,0.0,0.0,11.0,1.0
CUMMINSIND,5100.0,0.0,0.0,0.0,1.0,0.0,0.0
CUMMINSIND,5200.0,0.0,0.0,0.0,2.0,0.0,0.0
CUMMINSIND,5300.0,1.0,3.0,0.0,0.0,0.0,0.0
CUMMINSIND,5400.0,0.0,1.0,0.0,0.0,0.0,0.0
CUMMINSIND,5500.0,0.0,2.0,0.0,1.0,0.0,0.0
CUMMINSIND,6000.0,1.0,0.0,0.0,0.0,0.0,0.0
DABUR,0.0,0.0,0.0,0.0,0.0,45.0,0.0
DABUR,370.0,0.0,0.0,0.0,1.0,0.0,0.0
DABUR,375.0,0.0,0.0,0.0,1.0,0.0,0.0
DABUR,380.0,3.0,1.0,2.0,0.0,0.0,0.0
DABUR,385.0,1.0,0.0,0.0,0.0,0.0,0.0
DABUR,390.0,1.0,1.0,1.0,0.0,0.0,0.0
DABUR,395.0,0.0,0.0,0.0,1.0,0.0,0.0
DABUR,400.0,3.0,1.0,0.0,1.0,0.0,0.0
DABUR,410.0,2.0,1.0,0.0,2.0,0.0,0.0
DABUR,415.0,0.0,0.0,0.0,2.0,0.0,0.0
DABUR,420.0,4.0,0.0,0.0,0.0,0.0,0.0
DABUR,450.0,0.0,0.0,0.0,3.0,0.0,0.0
DABUR,490.0,0.0,0.0,0.0,1.0,0.0,0.0
DELHIVERY,0.0,0.0,0.0,0.0,0.0,16.0,1.0
DELHIVERY,450.0,0.0,0.0,0.0,1.0,0.0,0.0
DELHIVERY,460.0,0.0,0.0,1.0,0.0,0.0,0.0
DELHIVERY,470.0,6.0,1.0,0.0,0.0,0.0,0.0
DELHIVERY,480.0,1.0,1.0,0.0,1.0,0.0,0.0
DELHIVERY,500.0,6.0,0.0,0.0,0.0,0.0,0.0
DIVISLAB,0.0,0.0,0.0,0.0,0.0,6.0,12.0
DIVISLAB,8200.0,0.0,0.0,1.0,0.0,0.0,0.0
DIVISLAB,8400.0,0.0,0.0,1.0,0.0,0.0,0.0
DIVISLAB,8500.0,0.0,0.0,1.0,0.0,0.0,0.0
DIVISLAB,8600.0,0.0,0.0,3.0,0.0,0.0,0.0
DIVISLAB,8800.0,0.0,0.0,1.0,0.0,0.0,0.0
DIVISLAB,8900.0,0.0,0.0,2.0,0.0,0.0,0.0
DIVISLAB,9000.0,1.0,2.0,1.0,1.0,0.0,0.0
DIVISLAB,9100.0,0.0,0.0,0.0,1.0,0.0,0.0
DIVISLAB,9200.0,1.0,0.0,0.0,0.0,0.0,0.0
DIVISLAB,9400.0,2.0,0.0,0.0,0.0,0.0,0.0
DIVISLAB,9500.0,0.0,0.0,1.0,0.0,0.0,0.0
DIVISLAB,9600.0,2.0,1.0,0.0,0.0,0.0,0.0
DIVISLAB,10000.0,1.0,0.0,0.0,0.0,0.0,0.0
DIXON,0.0,0.0,0.0,0.0,0.0,30.0,1.0
DIXON,12000.0,0.0,0.0,1.0,0.0,0.0,0.0
DIXON,12500.0,0.0,0.0,1.0,1.0,0.0,0.0
DIXON,13000.0,0.0,0.0,0.0,3.0,0.0,0.0
DIXON,13250.0,0.0,0.0,0.0,19.0,0.0,0.0
DIXON,13500.0,0.0,0.0,0.0,1.0,0.0,0.0
DIXON,14000.0,1.0,2.0,1.0,0.0,0.0,0.0
DIXON,14250.0,1.0,0.0,1.0,0.0,0.0,0.0
DIXON,14500.0,9.0,1.0,1.0,0.0,0.0,0.0
DIXON,14750.0,5.0,0.0,0.0,0.0,0.0,0.0
DIXON,15000.0,10.0,2.0,0.0,1.0,0.0,0.0
DIXON,15250.0,1.0,2.0,0.0,0.0,0.0,0.0
DIXON,15500.0,1.0,3.0,0.0,0.0,0.0,0.0
DIXON,15750.0,0.0,1.0,0.0,0.0,0.0,0.0
DIXON,16000.0,5.0,0.0,0.0,0.0,0.0,0.0
DIXON,16500.0,1.0,0.0,0.0,0.0,0.0,0.0
DIXON,17000.0,1.0,0.0,0.0,0.0,0.0,0.0
DLF,0.0,0.0,0.0,0.0,0.0,41.0,2.0
DLF,600.0,0.0,3.0,1.0,0.0,0.0,0.0
DLF,630.0,0.0,0.0,0.0,1.0,0.0,0.0
DLF,650.0,0.0,0.0,0.0,2.0,0.0,0.0
DLF,660.0,0.0,0.0,0.0,2.0,0.0,0.0
DLF,670.0,1.0,0.0,1.0,0.0,0.0,0.0
DLF,680.0,3.0,0.0,2.0,1.0,0.0,0.0
DLF,690.0,6.0,1.0,2.0,0.0,0.0,0.0
DLF,700.0,6.0,6.0,0.0,2.0,0.0,0.0
DLF,710.0,0.0,1.0,0.0,0.0,0.0,0.0
DLF,720.0,2.0,3.0,0.0,0.0,0.0,0.0
DLF,730.0,0.0,1.0,0.0,0.0,0.0,0.0
DLF,740.0,0.0,6.0,0.0,0.0,0.0,0.0
DLF,750.0,1.0,2.0,0.0,0.0,0.0,0.0
DLF,760.0,0.0,2.0,0.0,0.0,0.0,0.0
DLF,780.0,0.0,1.0,0.0,0.0,0.0,0.0
DMART,0.0,0.0,0.0,0.0,0.0,19.0,0.0
DMART,3500.0,0.0,0.0,1.0,0.0,0.0,0.0
DMART,3550.0,0.0,0.0,0.0,1.0,0.0,0.0
DMART,3600.0,0.0,0.0,0.0,5.0,0.0,0.0
DMART,3700.0,0.0,0.0,0.0,1.0,0.0,0.0
DMART,3800.0,2.0,1.0,0.0,3.0,0.0,0.0
DMART,3850.0,1.0,0.0,0.0,0.0,0.0,0.0
DMART,3900.0,1.0,1.0,0.0,0.0,0.0,0.0
DMART,3950.0,2.0,0.0,0.0,0.0,0.0,0.0
DMART,4000.0,4.0,0.0,0.0,0.0,0.0,0.0
DMART,4050.0,1.0,0.0,0.0,0.0,0.0,0.0
DMART,4100.0,1.0,0.0,0.0,0.0,0.0,0.0
DMART,4200.0,1.0,0.0,0.0,0.0,0.0,0.0
DMART,4500.0,0.0,0.0,0.0,1.0,0.0,0.0
DRREDDY,0.0,0.0,0.0,0.0,0.0,24.0,0.0
DRREDDY,1080.0,0.0,0.0,1.0,0.0,0.0,0.0
DRREDDY,1150.0,0.0,0.0,0.0,1.0,0.0,0.0
DRREDDY,1160.0,1.0,0.0,0.0,0.0,0.0,0.0
DRREDDY,1170.0,1.0,0.0,0.0,0.0,0.0,0.0
DRREDDY,1180.0,1.0,1.0,0.0,0.0,0.0,0.0
DRREDDY,1190.0,2.0,1.0,0.0,0.0,0.0,0.0
DRREDDY,1200.0,2.0,2.0,0.0,1.0,0.0,0.0
DRREDDY,1210.0,1.0,0.0,0.0,0.0,0.0,0.0
DRREDDY,1240.0,1.0,0.0,0.0,0.0,0.0,0.0
DRREDDY,1300.0,2.0,1.0,0.0,1.0,0.0,0.0
EICHERMOT,0.0,0.0,0.0,0.0,0.0,11.0,3.0
EICHERMOT,6600.0,0.0,2.0,0.0,0.0,0.0,0.0
EICHERMOT,7100.0,0.0,0.0,0.0,1.0,0.0,0.0
EICHERMOT,7200.0,0.0,1.0,0.0,0.0,0.0,0.0
EICHERMOT,7500.0,0.0,2.0,0.0,2.0,0.0,0.0
EICHERMOT,7600.0,3.0,2.0,0.0,1.0,0.0,0.0
EICHERMOT,7700.0,2.0,3.0,0.0,1.0,0.0,0.0
EICHERMOT,7800.0,4.0,0.0,0.0,2.0,0.0,0.0
EICHERMOT,7900.0,1.0,0.0,0.0,0.0,0.0,0.0
EICHERMOT,8000.0,2.0,1.0,0.0,0.0,0.0,0.0
EICHERMOT,8200.0,0.0,0.0,0.0,2.0,0.0,0.0
EICHERMOT,8300.0,1.0,0.0,0.0,0.0,0.0,0.0
EICHERMOT,8500.0,1.0,0.0,0.0,0.0,0.0,0.0
EICHERMOT,8600.0,0.0,1.0,0.0,0.0,0.0,0.0
ETERNAL,0.0,0.0,0.0,0.0,0.0,21.0,8.0
ETERNAL,280.0,0.0,1.0,1.0,1.0,0.0,0.0
ETERNAL,300.0,1.0,2.0,3.0,4.0,0.0,0.0
ETERNAL,310.0,0.0,1.0,1.0,1.0,0.0,0.0
ETERNAL,315.0,0.0,1.0,0.0,0.0,0.0,0.0
ETERNAL,320.0,2.0,1.0,1.0,2.0,0.0,0.0
ETERNAL,330.0,5.0,4.0,0.0,1.0,0.0,0.0
ETERNAL,340.0,3.0,3.0,0.0,0.0,0.0,0.0
ETERNAL,350.0,3.0,2.0,0.0,4.0,0.0,0.0
ETERNAL,360.0,1.0,1.0,0.0,0.0,0.0,0.0
FEDERALBNK,0.0,0.0,0.0,0.0,0.0,15.0,5.0
FEDERALBNK,300.0,0.0,1.0,0.0,0.0,0.0,0.0
FEDERALBNK,310.0,0.0,1.0,0.0,0.0,0.0,0.0
FEDERALBNK,320.0,0.0,1.0,4.0,0.0,0.0,0.0
FEDERALBNK,330.0,0.0,0.0,1.0,1.0,0.0,0.0
FEDERALBNK,340.0,1.0,1.0,1.0,2.0,0.0,0.0
FEDERALBNK,345.0,0.0,1.0,0.0,1.0,0.0,0.0
FEDERALBNK,350.0,6.0,3.0,0.0,2.0,0.0,0.0
FEDERALBNK,355.0,0.0,2.0,0.0,1.0,0.0,0.0
FEDERALBNK,360.0,1.0,3.0,0.0,2.0,0.0,0.0
FEDERALBNK,365.0,1.0,0.0,0.0,0.0,0.0,0.0
FEDERALBNK,370.0,2.0,0.0,0.0,2.0,0.0,0.0
FEDERALBNK,375.0,1.0,0.0,0.0,1.0,0.0,0.0
FEDERALBNK,380.0,1.0,0.0,0.0,1.0,0.0,0.0
FEDERALBNK,385.0,1.0,0.0,0.0,0.0,0.0,0.0
FEDERALBNK,400.0,0.0,0.0,0.0,3.0,0.0,0.0
FINNIFTY,0.0,0.0,0.0,0.0,0.0,0.0,1.0
FINNIFTY,26000.0,0.0,0.0,0.0,1.0,0.0,0.0
FINNIFTY,26200.0,0.0,1.0,0.0,0.0,0.0,0.0
FINNIFTY,26400.0,1.0,0.0,0.0,0.0,0.0,0.0
FINNIFTY,26500.0,0.0,1.0,0.0,0.0,0.0,0.0
FINNIFTY,28000.0,1.0,0.0,0.0,0.0,0.0,0.0
FORCEMOT,0.0,0.0,0.0,0.0,0.0,16.0,1.0
FORCEMOT,17500.0,1.0,0.0,0.0,0.0,0.0,0.0
FORCEMOT,18000.0,1.0,2.0,0.0,0.0,0.0,0.0
FORCEMOT,18500.0,1.0,3.0,0.0,0.0,0.0,0.0
FORCEMOT,19000.0,0.0,1.0,0.0,0.0,0.0,0.0
FORCEMOT,20000.0,0.0,0.0,0.0,1.0,0.0,0.0
FORCEMOT,22000.0,0.0,1.0,0.0,0.0,0.0,0.0
FORTIS,0.0,0.0,0.0,0.0,0.0,10.0,0.0
FORTIS,920.0,0.0,1.0,0.0,0.0,0.0,0.0
FORTIS,930.0,0.0,1.0,0.0,0.0,0.0,0.0
FORTIS,950.0,1.0,0.0,0.0,0.0,0.0,0.0
FORTIS,1000.0,1.0,0.0,0.0,0.0,0.0,0.0
FORTIS,1020.0,1.0,0.0,0.0,0.0,0.0,0.0
GAIL,0.0,0.0,0.0,0.0,0.0,27.0,0.0
GAIL,155.0,0.0,0.0,1.0,0.0,0.0,0.0
GAIL,160.0,0.0,0.0,1.0,0.0,0.0,0.0
GAIL,165.0,0.0,0.0,0.0,2.0,0.0,0.0
GAIL,170.0,0.0,1.0,1.0,1.0,0.0,0.0
GAIL,172.5,1.0,0.0,0.0,0.0,0.0,0.0
GAIL,175.0,2.0,1.0,1.0,1.0,0.0,0.0
GAIL,177.5,1.0,0.0,0.0,0.0,0.0,0.0
GAIL,180.0,7.0,0.0,0.0,1.0,0.0,0.0
GAIL,185.0,0.0,1.0,0.0,0.0,0.0,0.0
GLENMARK,0.0,0.0,0.0,0.0,0.0,25.0,4.0
GLENMARK,2100.0,0.0,0.0,1.0,1.0,0.0,0.0
GLENMARK,2200.0,0.0,1.0,0.0,0.0,0.0,0.0
GLENMARK,2240.0,0.0,1.0,0.0,0.0,0.0,0.0
GLENMARK,2280.0,0.0,0.0,0.0,1.0,0.0,0.0
GLENMARK,2300.0,0.0,0.0,0.0,1.0,0.0,0.0
GLENMARK,2340.0,0.0,0.0,0.0,1.0,0.0,0.0
GLENMARK,2400.0,0.0,0.0,2.0,0.0,0.0,0.0
GLENMARK,2440.0,1.0,0.0,0.0,0.0,0.0,0.0
GLENMARK,2460.0,2.0,1.0,0.0,0.0,0.0,0.0
GLENMARK,2500.0,1.0,0.0,0.0,0.0,0.0,0.0
GLENMARK,2580.0,2.0,0.0,0.0,0.0,0.0,0.0
GLENMARK,2700.0,0.0,1.0,0.0,0.0,0.0,0.0
GLENMARK,2800.0,1.0,0.0,0.0,0.0,0.0,0.0
GMRAIRPORT,0.0,0.0,0.0,0.0,0.0,19.0,0.0
GMRAIRPORT,90.0,0.0,0.0,1.0,0.0,0.0,0.0
GMRAIRPORT,94.0,0.0,0.0,1.0,0.0,0.0,0.0
GMRAIRPORT,95.0,0.0,0.0,0.0,1.0,0.0,0.0
GMRAIRPORT,97.0,1.0,1.0,0.0,1.0,0.0,0.0
GMRAIRPORT,98.0,2.0,1.0,0.0,1.0,0.0,0.0
GMRAIRPORT,100.0,5.0,1.0,0.0,1.0,0.0,0.0
GMRAIRPORT,101.0,3.0,1.0,0.0,0.0,0.0,0.0
GMRAIRPORT,102.0,2.0,0.0,0.0,0.0,0.0,0.0
GMRAIRPORT,103.0,1.0,0.0,0.0,0.0,0.0,0.0
GMRAIRPORT,104.0,2.0,0.0,0.0,0.0,0.0,0.0
GMRAIRPORT,105.0,2.0,1.0,0.0,0.0,0.0,0.0
GMRAIRPORT,106.0,2.0,1.0,0.0,0.0,0.0,0.0
GMRAIRPORT,108.0,0.0,1.0,0.0,0.0,0.0,0.0
GMRAIRPORT,110.0,3.0,0.0,0.0,1.0,0.0,0.0
GMRAIRPORT,115.0,1.0,0.0,0.0,0.0,0.0,0.0
GODFRYPHLP,0.0,0.0,0.0,0.0,0.0,6.0,0.0
GODFRYPHLP,2100.0,0.0,1.0,0.0,0.0,0.0,0.0
GODFRYPHLP,2300.0,0.0,1.0,0.0,0.0,0.0,0.0
GODREJCP,0.0,0.0,0.0,0.0,0.0,19.0,0.0
GODREJCP,800.0,0.0,0.0,1.0,0.0,0.0,0.0
GODREJCP,840.0,0.0,0.0,2.0,0.0,0.0,0.0
GODREJCP,860.0,0.0,0.0,0.0,1.0,0.0,0.0
GODREJCP,870.0,0.0,0.0,1.0,1.0,0.0,0.0
GODREJCP,900.0,1.0,0.0,0.0,0.0,0.0,0.0
GODREJCP,940.0,1.0,1.0,0.0,0.0,0.0,0.0
GODREJCP,950.0,1.0,0.0,0.0,0.0,0.0,0.0
GODREJCP,960.0,1.0,0.0,0.0,0.0,0.0,0.0
GODREJCP,1050.0,0.0,0.0,0.0,1.0,0.0,0.0
GODREJPROP,0.0,0.0,0.0,0.0,0.0,28.0,2.0
GODREJPROP,1900.0,0.0,3.0,0.0,2.0,0.0,0.0
GODREJPROP,1920.0,0.0,1.0,0.0,0.0,0.0,0.0
GODREJPROP,2000.0,0.0,1.0,0.0,0.0,0.0,0.0
GODREJPROP,2080.0,2.0,0.0,0.0,0.0,0.0,0.0
GODREJPROP,2100.0,4.0,2.0,0.0,0.0,0.0,0.0
GODREJPROP,2160.0,1.0,0.0,0.0,0.0,0.0,0.0
GODREJPROP,2200.0,2.0,1.0,0.0,2.0,0.0,0.0
GODREJPROP,2300.0,1.0,1.0,0.0,1.0,0.0,0.0
GODREJPROP,2400.0,0.0,2.0,0.0,0.0,0.0,0.0
GRASIM,0.0,0.0,0.0,0.0,0.0,10.0,1.0
GRASIM,3100.0,0.0,0.0,1.0,0.0,0.0,0.0
GRASIM,3200.0,0.0,0.0,0.0,1.0,0.0,0.0
GRASIM,3240.0,0.0,0.0,0.0,1.0,0.0,0.0
GRASIM,3300.0,2.0,1.0,0.0,0.0,0.0,0.0
GRASIM,3320.0,0.0,1.0,0.0,0.0,0.0,0.0
GRASIM,3340.0,1.0,0.0,0.0,0.0,0.0,0.0
GRASIM,3380.0,1.0,0.0,0.0,0.0,0.0,0.0
GRASIM,3400.0,1.0,1.0,0.0,0.0,0.0,0.0
GRASIM,3500.0,0.0,1.0,0.0,0.0,0.0,0.0
GVT&D,0.0,0.0,0.0,0.0,0.0,15.0,2.0
GVT&D,4000.0,0.0,0.0,1.0,0.0,0.0,0.0
GVT&D,4200.0,1.0,0.0,0.0,0.0,0.0,0.0
GVT&D,4300.0,1.0,0.0,0.0,0.0,0.0,0.0
GVT&D,4400.0,4.0,0.0,0.0,0.0,0.0,0.0
GVT&D,4500.0,0.0,2.0,0.0,0.0,0.0,0.0
GVT&D,4700.0,0.0,2.0,0.0,0.0,0.0,0.0
GVT&D,4800.0,3.0,1.0,0.0,0.0,0.0,0.0
GVT&D,5000.0,0.0,3.0,0.0,1.0,0.0,0.0
HAL,0.0,0.0,0.0,0.0,0.0,46.0,3.0
HAL,4300.0,0.0,0.0,0.0,2.0,0.0,0.0
HAL,4500.0,0.0,0.0,0.0,2.0,0.0,0.0
HAL,4700.0,0.0,1.0,0.0,1.0,0.0,0.0
HAL,4800.0,1.0,0.0,2.0,0.0,0.0,0.0
HAL,4850.0,0.0,3.0,1.0,0.0,0.0,0.0
HAL,4900.0,4.0,0.0,0.0,3.0,0.0,0.0
HAL,4950.0,2.0,0.0,0.0,0.0,0.0,0.0
HAL,5000.0,9.0,2.0,0.0,1.0,0.0,0.0
HAL,5050.0,1.0,1.0,0.0,0.0,0.0,0.0
HAL,5100.0,3.0,1.0,0.0,0.0,0.0,0.0
HAL,5150.0,0.0,1.0,0.0,0.0,0.0,0.0
HAL,5200.0,2.0,9.0,0.0,0.0,0.0,0.0
HAL,5300.0,0.0,3.0,0.0,0.0,0.0,0.0
HAL,5400.0,3.0,0.0,0.0,0.0,0.0,0.0
HAL,5500.0,3.0,1.0,0.0,0.0,0.0,0.0
HAVELLS,0.0,0.0,0.0,0.0,0.0,23.0,0.0
HAVELLS,1080.0,0.0,0.0,0.0,1.0,0.0,0.0
HAVELLS,1100.0,1.0,0.0,0.0,0.0,0.0,0.0
HAVELLS,1120.0,0.0,0.0,1.0,0.0,0.0,0.0
HAVELLS,1160.0,1.0,1.0,0.0,0.0,0.0,0.0
HAVELLS,1180.0,1.0,0.0,0.0,0.0,0.0,0.0
HAVELLS,1200.0,3.0,4.0,0.0,0.0,0.0,0.0
HAVELLS,1260.0,1.0,0.0,0.0,1.0,0.0,0.0
HAVELLS,1280.0,0.0,1.0,0.0,1.0,0.0,0.0
HAVELLS,1300.0,1.0,2.0,0.0,0.0,0.0,0.0
HAVELLS,1320.0,0.0,1.0,0.0,0.0,0.0,0.0
HAVELLS,1360.0,0.0,3.0,0.0,0.0,0.0,0.0
HAVELLS,1400.0,1.0,0.0,0.0,1.0,0.0,0.0
HCLTECH,0.0,0.0,0.0,0.0,0.0,35.0,1.0
HCLTECH,1100.0,0.0,0.0,1.0,0.0,0.0,0.0
HCLTECH,1200.0,0.0,0.0,0.0,1.0,0.0,0.0
HCLTECH,1250.0,0.0,0.0,1.0,0.0,0.0,0.0
HCLTECH,1300.0,4.0,2.0,1.0,1.0,0.0,0.0
HCLTECH,1320.0,1.0,9.0,0.0,1.0,0.0,0.0
HCLTECH,1340.0,3.0,0.0,0.0,1.0,0.0,0.0
HCLTECH,1350.0,1.0,0.0,0.0,0.0,0.0,0.0
HCLTECH,1370.0,0.0,1.0,0.0,0.0,0.0,0.0
HCLTECH,1380.0,1.0,0.0,0.0,0.0,0.0,0.0
HCLTECH,1400.0,0.0,1.0,0.0,0.0,0.0,0.0
HCLTECH,1420.0,0.0,1.0,0.0,0.0,0.0,0.0
HCLTECH,1450.0,3.0,0.0,0.0,0.0,0.0,0.0
HCLTECH,1470.0,1.0,0.0,0.0,0.0,0.0,0.0
HDFCAMC,0.0,0.0,0.0,0.0,0.0,23.0,0.0
HDFCAMC,2400.0,0.0,0.0,1.0,0.0,0.0,0.0
HDFCAMC,2450.0,0.0,0.0,1.0,3.0,0.0,0.0
HDFCAMC,2500.0,1.0,2.0,0.0,0.0,0.0,0.0
HDFCAMC,2600.0,2.0,2.0,0.0,1.0,0.0,0.0
HDFCAMC,2650.0,5.0,1.0,0.0,2.0,0.0,0.0
HDFCAMC,2700.0,1.0,1.0,0.0,1.0,0.0,0.0
HDFCAMC,2750.0,0.0,1.0,0.0,0.0,0.0,0.0
HDFCAMC,2800.0,1.0,1.0,0.0,0.0,0.0,0.0
HDFCBANK,0.0,0.0,0.0,0.0,0.0,313.0,1.0
HDFCBANK,600.0,0.0,0.0,3.0,0.0,0.0,0.0
HDFCBANK,620.0,0.0,0.0,1.0,0.0,0.0,0.0
HDFCBANK,650.0,0.0,0.0,2.0,3.0,0.0,0.0
HDFCBANK,660.0,0.0,0.0,0.0,2.0,0.0,0.0
HDFCBANK,670.0,0.0,0.0,0.0,3.0,0.0,0.0
HDFCBANK,680.0,1.0,0.0,5.0,2.0,0.0,0.0
HDFCBANK,690.0,0.0,0.0,3.0,9.0,0.0,0.0
HDFCBANK,700.0,8.0,0.0,4.0,10.0,0.0,0.0
HDFCBANK,710.0,9.0,1.0,2.0,7.0,0.0,0.0
HDFCBANK,720.0,21.0,3.0,2.0,11.0,0.0,0.0
HDFCBANK,730.0,20.0,7.0,1.0,12.0,0.0,0.0
HDFCBANK,740.0,18.0,3.0,1.0,4.0,0.0,0.0
HDFCBANK,750.0,21.0,6.0,0.0,9.0,0.0,0.0
HDFCBANK,760.0,14.0,3.0,0.0,2.0,0.0,0.0
HDFCBANK,770.0,3.0,4.0,0.0,1.0,0.0,0.0
HDFCBANK,780.0,5.0,7.0,0.0,0.0,0.0,0.0
HDFCBANK,790.0,1.0,5.0,0.0,2.0,0.0,0.0
HDFCBANK,800.0,10.0,4.0,0.0,5.0,0.0,0.0
HDFCBANK,810.0,0.0,2.0,0.0,1.0,0.0,0.0
HDFCBANK,820.0,0.0,3.0,0.0,0.0,0.0,0.0
HDFCBANK,880.0,0.0,0.0,0.0,1.0,0.0,0.0
HDFCBANK,900.0,0.0,0.0,0.0,19.0,0.0,0.0
HDFCLIFE,0.0,0.0,0.0,0.0,0.0,39.0,0.0
HDFCLIFE,520.0,0.0,0.0,0.0,1.0,0.0,0.0
HDFCLIFE,530.0,0.0,0.0,1.0,1.0,0.0,0.0
HDFCLIFE,535.0,0.0,0.0,0.0,1.0,0.0,0.0
HDFCLIFE,540.0,1.0,0.0,0.0,1.0,0.0,0.0
HDFCLIFE,545.0,0.0,0.0,0.0,1.0,0.0,0.0
HDFCLIFE,550.0,5.0,4.0,0.0,1.0,0.0,0.0
HDFCLIFE,555.0,0.0,0.0,0.0,1.0,0.0,0.0
HDFCLIFE,560.0,3.0,1.0,0.0,1.0,0.0,0.0
HDFCLIFE,570.0,1.0,1.0,0.0,1.0,0.0,0.0
HDFCLIFE,580.0,1.0,1.0,0.0,2.0,0.0,0.0
HDFCLIFE,600.0,0.0,0.0,0.0,1.0,0.0,0.0
HDFCLIFE,620.0,0.0,0.0,0.0,2.0,0.0,0.0
HDFCLIFE,630.0,0.0,0.0,0.0,1.0,0.0,0.0
HEROMOTOCO,0.0,0.0,0.0,0.0,0.0,18.0,2.0
HEROMOTOCO,4600.0,0.0,0.0,0.0,1.0,0.0,0.0
HEROMOTOCO,5200.0,0.0,0.0,0.0,2.0,0.0,0.0
HEROMOTOCO,5300.0,0.0,0.0,3.0,1.0,0.0,0.0
HEROMOTOCO,5400.0,1.0,0.0,0.0,0.0,0.0,0.0
HEROMOTOCO,5500.0,1.0,0.0,1.0,1.0,0.0,0.0
HEROMOTOCO,5600.0,2.0,0.0,0.0,2.0,0.0,0.0
HEROMOTOCO,5700.0,1.0,0.0,0.0,1.0,0.0,0.0
HEROMOTOCO,5800.0,3.0,0.0,0.0,0.0,0.0,0.0
HEROMOTOCO,6000.0,2.0,2.0,0.0,1.0,0.0,0.0
HEROMOTOCO,6200.0,1.0,0.0,0.0,0.0,0.0,0.0
HINDALCO,0.0,0.0,0.0,0.0,0.0,53.0,2.0
HINDALCO,900.0,0.0,1.0,0.0,0.0,0.0,0.0
HINDALCO,940.0,0.0,0.0,1.0,0.0,0.0,0.0
HINDALCO,960.0,0.0,0.0,1.0,0.0,0.0,0.0
HINDALCO,980.0,0.0,0.0,1.0,1.0,0.0,0.0
HINDALCO,1000.0,4.0,2.0,0.0,1.0,0.0,0.0
HINDALCO,1020.0,4.0,0.0,1.0,0.0,0.0,0.0
HINDALCO,1040.0,3.0,3.0,0.0,3.0,0.0,0.0
HINDALCO,1060.0,2.0,8.0,0.0,3.0,0.0,0.0
HINDALCO,1080.0,2.0,2.0,0.0,0.0,0.0,0.0
HINDALCO,1100.0,6.0,1.0,0.0,1.0,0.0,0.0
HINDALCO,1180.0,0.0,1.0,0.0,0.0,0.0,0.0
HINDALCO,1200.0,1.0,0.0,0.0,0.0,0.0,0.0
HINDPETRO,0.0,0.0,0.0,0.0,0.0,15.0,1.0
HINDPETRO,320.0,0.0,0.0,1.0,0.0,0.0,0.0
HINDPETRO,330.0,0.0,0.0,2.0,1.0,0.0,0.0
HINDPETRO,340.0,0.0,0.0,1.0,0.0,0.0,0.0
HINDPETRO,350.0,0.0,0.0,0.0,2.0,0.0,0.0
HINDPETRO,360.0,1.0,0.0,0.0,3.0,0.0,0.0
HINDPETRO,360.75,0.0,0.0,0.0,1.0,0.0,0.0
HINDPETRO,370.0,2.0,2.0,0.0,2.0,0.0,0.0
HINDPETRO,380.0,1.0,2.0,0.0,3.0,0.0,0.0
HINDPETRO,390.0,0.0,2.0,0.0,0.0,0.0,0.0
HINDPETRO,400.0,2.0,1.0,0.0,0.0,0.0,0.0
HINDPETRO,420.75,0.0,1.0,0.0,1.0,0.0,0.0
HINDUNILVR,0.0,0.0,0.0,0.0,0.0,57.0,1.0
HINDUNILVR,1900.0,1.0,0.0,1.0,0.0,0.0,0.0
HINDUNILVR,1960.0,0.0,0.0,1.0,0.0,0.0,0.0
HINDUNILVR,1980.0,2.0,0.0,0.0,0.0,0.0,0.0
HINDUNILVR,2000.0,4.0,0.0,0.0,1.0,0.0,0.0
HINDUNILVR,2020.0,1.0,0.0,1.0,0.0,0.0,0.0
HINDUNILVR,2040.0,3.0,1.0,0.0,1.0,0.0,0.0
HINDUNILVR,2060.0,2.0,0.0,0.0,1.0,0.0,0.0
HINDUNILVR,2080.0,1.0,0.0,0.0,2.0,0.0,0.0
HINDUNILVR,2100.0,4.0,1.0,0.0,1.0,0.0,0.0
HINDUNILVR,2120.0,0.0,0.0,0.0,1.0,0.0,0.0
HINDUNILVR,2160.0,0.0,0.0,0.0,1.0,0.0,0.0
HINDUNILVR,2180.0,1.0,0.0,0.0,0.0,0.0,0.0
HINDUNILVR,2200.0,5.0,1.0,0.0,1.0,0.0,0.0
HINDZINC,0.0,0.0,0.0,0.0,0.0,33.0,1.0
HINDZINC,520.0,0.0,0.0,0.0,1.0,0.0,0.0
HINDZINC,530.0,0.0,0.0,0.0,1.0,0.0,0.0
HINDZINC,550.0,0.0,0.0,3.0,1.0,0.0,0.0
HINDZINC,560.0,0.0,0.0,0.0,1.0,0.0,0.0
HINDZINC,570.0,0.0,2.0,0.0,1.0,0.0,0.0
HINDZINC,580.0,0.0,1.0,1.0,0.0,0.0,0.0
HINDZINC,590.0,1.0,0.0,0.0,0.0,0.0,0.0
HINDZINC,600.0,3.0,3.0,1.0,2.0,0.0,0.0
HINDZINC,610.0,3.0,1.0,0.0,4.0,0.0,0.0
HINDZINC,620.0,12.0,2.0,0.0,2.0,0.0,0.0
HINDZINC,630.0,1.0,4.0,0.0,0.0,0.0,0.0
HINDZINC,640.0,1.0,1.0,0.0,0.0,0.0,0.0
HINDZINC,650.0,1.0,1.0,0.0,0.0,0.0,0.0
HINDZINC,660.0,1.0,1.0,0.0,0.0,0.0,0.0
HINDZINC,670.0,1.0,0.0,0.0,0.0,0.0,0.0
HINDZINC,680.0,1.0,1.0,0.0,0.0,0.0,0.0
HINDZINC,690.0,1.0,0.0,0.0,0.0,0.0,0.0
HINDZINC,700.0,1.0,2.0,0.0,0.0,0.0,0.0
HYUNDAI,0.0,0.0,0.0,0.0,0.0,4.0,2.0
HYUNDAI,1900.0,0.0,1.0,0.0,0.0,0.0,0.0
HYUNDAI,2200.0,1.0,0.0,0.0,1.0,0.0,0.0
HYUNDAI,2260.0,0.0,1.0,0.0,0.0,0.0,0.0
HYUNDAI,2280.0,1.0,0.0,0.0,0.0,0.0,0.0
HYUNDAI,2300.0,3.0,0.0,0.0,0.0,0.0,0.0
HYUNDAI,2400.0,1.0,0.0,0.0,0.0,0.0,0.0
ICICIBANK,0.0,0.0,0.0,0.0,0.0,22.0,3.0
ICICIBANK,1300.0,0.0,0.0,0.0,1.0,0.0,0.0
ICICIBANK,1320.0,0.0,1.0,0.0,1.0,0.0,0.0
ICICIBANK,1340.0,0.0,0.0,0.0,1.0,0.0,0.0
ICICIBANK,1370.0,0.0,1.0,0.0,1.0,0.0,0.0
ICICIBANK,1380.0,0.0,0.0,1.0,2.0,0.0,0.0
ICICIBANK,1390.0,0.0,1.0,0.0,1.0,0.0,0.0
ICICIBANK,1400.0,0.0,2.0,0.0,6.0,0.0,0.0
ICICIBANK,1410.0,0.0,1.0,0.0,0.0,0.0,0.0
ICICIBANK,1420.0,1.0,1.0,0.0,1.0,0.0,0.0
ICICIBANK,1430.0,1.0,8.0,0.0,0.0,0.0,0.0
ICICIBANK,1440.0,5.0,9.0,0.0,2.0,0.0,0.0
ICICIBANK,1450.0,5.0,9.0,0.0,1.0,0.0,0.0
ICICIBANK,1460.0,1.0,2.0,0.0,1.0,0.0,0.0
ICICIBANK,1470.0,0.0,4.0,0.0,0.0,0.0,0.0
ICICIBANK,1490.0,1.0,0.0,0.0,0.0,0.0,0.0
ICICIBANK,1500.0,3.0,1.0,0.0,0.0,0.0,0.0
ICICIBANK,1510.0,0.0,1.0,0.0,0.0,0.0,0.0
ICICIBANK,1520.0,0.0,2.0,0.0,0.0,0.0,0.0
ICICIBANK,1530.0,0.0,1.0,0.0,0.0,0.0,0.0
ICICIBANK,1540.0,0.0,1.0,0.0,0.0,0.0,0.0
ICICIBANK,1550.0,1.0,3.0,0.0,0.0,0.0,0.0
ICICIGI,0.0,0.0,0.0,0.0,0.0,14.0,0.0
ICICIGI,1540.0,0.0,1.0,0.0,0.0,0.0,0.0
ICICIGI,1560.0,1.0,0.0,0.0,1.0,0.0,0.0
ICICIGI,1600.0,0.0,1.0,0.0,0.0,0.0,0.0
ICICIGI,1700.0,0.0,0.0,0.0,2.0,0.0,0.0
ICICIPRULI,0.0,0.0,0.0,0.0,0.0,22.0,0.0
ICICIPRULI,450.0,0.0,0.0,0.0,1.0,0.0,0.0
ICICIPRULI,480.0,0.0,0.0,0.0,1.0,0.0,0.0
ICICIPRULI,490.0,0.0,1.0,0.0,0.0,0.0,0.0
ICICIPRULI,500.0,0.0,0.0,0.0,1.0,0.0,0.0
ICICIPRULI,510.0,3.0,1.0,0.0,0.0,0.0,0.0
ICICIPRULI,515.0,1.0,0.0,0.0,0.0,0.0,0.0
ICICIPRULI,520.0,0.0,2.0,0.0,2.0,0.0,0.0
ICICIPRULI,525.0,1.0,0.0,0.0,0.0,0.0,0.0
ICICIPRULI,530.0,1.0,0.0,0.0,0.0,0.0,0.0
IDEA,0.0,0.0,0.0,0.0,0.0,56.0,3.0
IDEA,10.0,0.0,1.0,0.0,0.0,0.0,0.0
IDEA,11.0,0.0,0.0,0.0,4.0,0.0,0.0
IDEA,12.0,1.0,0.0,0.0,0.0,0.0,0.0
IDEA,13.0,1.0,0.0,0.0,3.0,0.0,0.0
IDEA,14.0,0.0,4.0,5.0,5.0,0.0,0.0
IDEA,15.0,5.0,5.0,2.0,5.0,0.0,0.0
IDEA,16.0,7.0,8.0,0.0,2.0,0.0,0.0
IDEA,17.0,4.0,5.0,0.0,0.0,0.0,0.0
IDEA,18.0,2.0,13.0,0.0,0.0,0.0,0.0
IDEA,20.0,1.0,0.0,0.0,0.0,0.0,0.0
IDFCFIRSTB,0.0,0.0,0.0,0.0,0.0,14.0,6.0
IDFCFIRSTB,78.0,0.0,2.0,0.0,0.0,0.0,0.0
IDFCFIRSTB,80.0,0.0,1.0,0.0,1.0,0.0,0.0
IDFCFIRSTB,82.0,0.0,1.0,0.0,2.0,0.0,0.0
IDFCFIRSTB,83.0,0.0,0.0,0.0,2.0,0.0,0.0
IDFCFIRSTB,84.0,1.0,0.0,0.0,2.0,0.0,0.0
IDFCFIRSTB,85.0,0.0,1.0,1.0,1.0,0.0,0.0
IDFCFIRSTB,86.0,0.0,0.0,1.0,0.0,0.0,0.0
IDFCFIRSTB,87.0,1.0,0.0,0.0,0.0,0.0,0.0
IDFCFIRSTB,88.0,0.0,3.0,0.0,0.0,0.0,0.0
IDFCFIRSTB,89.0,0.0,1.0,0.0,0.0,0.0,0.0
IDFCFIRSTB,90.0,5.0,6.0,0.0,0.0,0.0,0.0
IDFCFIRSTB,92.0,0.0,1.0,0.0,0.0,0.0,0.0
IDFCFIRSTB,95.0,2.0,1.0,0.0,1.0,0.0,0.0
IDFCFIRSTB,96.0,0.0,1.0,0.0,0.0,0.0,0.0
IDFCFIRSTB,98.0,0.0,1.0,0.0,0.0,0.0,0.0
IEX,0.0,0.0,0.0,0.0,0.0,23.0,1.0
IEX,105.0,0.0,0.0,1.0,0.0,0.0,0.0
IEX,110.0,0.0,0.0,1.0,0.0,0.0,0.0
IEX,120.0,1.0,2.0,0.0,2.0,0.0,0.0
IEX,122.5,1.0,0.0,0.0,0.0,0.0,0.0
IEX,125.0,2.0,0.0,0.0,1.0,0.0,0.0
IEX,130.0,1.0,0.0,0.0,0.0,0.0,0.0
IEX,135.0,0.0,1.0,0.0,0.0,0.0,0.0
IEX,140.0,2.0,1.0,0.0,0.0,0.0,0.0
INDHOTEL,0.0,0.0,0.0,0.0,0.0,11.0,2.0
INDHOTEL,670.0,0.0,1.0,0.0,0.0,0.0,0.0
INDHOTEL,680.0,0.0,0.0,0.0,1.0,0.0,0.0
INDHOTEL,700.0,0.0,0.0,0.0,1.0,0.0,0.0
INDHOTEL,710.0,0.0,0.0,1.0,0.0,0.0,0.0
INDHOTEL,720.0,0.0,1.0,0.0,0.0,0.0,0.0
INDHOTEL,730.0,0.0,2.0,1.0,1.0,0.0,0.0
INDHOTEL,740.0,2.0,0.0,0.0,1.0,0.0,0.0
INDHOTEL,750.0,4.0,2.0,0.0,1.0,0.0,0.0
INDHOTEL,770.0,0.0,1.0,0.0,0.0,0.0,0.0
INDHOTEL,800.0,2.0,0.0,0.0,0.0,0.0,0.0
INDIANB,0.0,0.0,0.0,0.0,0.0,8.0,0.0
INDIANB,850.0,0.0,1.0,0.0,0.0,0.0,0.0
INDIANB,880.0,1.0,0.0,0.0,1.0,0.0,0.0
INDIANB,890.0,1.0,0.0,0.0,0.0,0.0,0.0
INDIANB,900.0,3.0,0.0,0.0,2.0,0.0,0.0
INDIANB,910.0,1.0,0.0,0.0,0.0,0.0,0.0
INDIANB,930.0,1.0,0.0,0.0,0.0,0.0,0.0
INDIANB,960.0,1.0,0.0,0.0,0.0,0.0,0.0
INDIANB,980.0,1.0,0.0,0.0,0.0,0.0,0.0
INDIGO,0.0,0.0,0.0,0.0,0.0,23.0,1.0
INDIGO,4400.0,0.0,1.0,0.0,0.0,0.0,0.0
INDIGO,4800.0,0.0,0.0,0.0,1.0,0.0,0.0
INDIGO,5000.0,1.0,2.0,0.0,1.0,0.0,0.0
INDIGO,5100.0,1.0,0.0,0.0,1.0,0.0,0.0
INDIGO,5200.0,4.0,1.0,0.0,3.0,0.0,0.0
INDIGO,5300.0,2.0,1.0,0.0,1.0,0.0,0.0
INDIGO,5400.0,1.0,1.0,0.0,0.0,0.0,0.0
INDIGO,5500.0,1.0,2.0,0.0,0.0,0.0,0.0
INDIGO,5600.0,1.0,0.0,0.0,0.0,0.0,0.0
INDUSINDBK,0.0,0.0,0.0,0.0,0.0,24.0,0.0
INDUSINDBK,920.0,0.0,0.0,1.0,0.0,0.0,0.0
INDUSINDBK,970.0,0.0,0.0,3.0,0.0,0.0,0.0
INDUSINDBK,1010.0,0.0,1.0,1.0,0.0,0.0,0.0
INDUSINDBK,1020.0,1.0,1.0,0.0,0.0,0.0,0.0
INDUSINDBK,1050.0,1.0,0.0,0.0,0.0,0.0,0.0
INDUSINDBK,1090.0,0.0,1.0,0.0,0.0,0.0,0.0
INDUSINDBK,1100.0,1.0,4.0,0.0,0.0,0.0,0.0
INDUSTOWER,0.0,0.0,0.0,0.0,0.0,23.0,0.0
INDUSTOWER,340.0,0.0,0.0,1.0,0.0,0.0,0.0
INDUSTOWER,350.0,0.0,0.0,0.0,4.0,0.0,0.0
INDUSTOWER,360.0,0.0,0.0,0.0,1.0,0.0,0.0
INDUSTOWER,370.0,0.0,0.0,0.0,1.0,0.0,0.0
INDUSTOWER,380.0,5.0,0.0,0.0,0.0,0.0,0.0
INDUSTOWER,385.0,3.0,0.0,0.0,0.0,0.0,0.0
INDUSTOWER,390.0,3.0,1.0,0.0,0.0,0.0,0.0
INDUSTOWER,395.0,1.0,1.0,0.0,0.0,0.0,0.0
INDUSTOWER,400.0,0.0,3.0,0.0,1.0,0.0,0.0
INDUSTOWER,406.0,0.0,0.0,0.0,1.0,0.0,0.0
INDUSTOWER,416.0,0.0,1.0,0.0,0.0,0.0,0.0
INFY,0.0,0.0,0.0,0.0,0.0,96.0,2.0
INFY,920.0,0.0,0.0,0.0,1.0,0.0,0.0
INFY,960.0,0.0,0.0,0.0,2.0,0.0,0.0
INFY,1000.0,0.0,0.0,3.0,1.0,0.0,0.0
INFY,1020.0,0.0,0.0,1.0,0.0,0.0,0.0
INFY,1040.0,0.0,0.0,0.0,3.0,0.0,0.0
INFY,1060.0,0.0,0.0,1.0,4.0,0.0,0.0
INFY,1080.0,0.0,2.0,0.0,0.0,0.0,0.0
INFY,1100.0,2.0,1.0,4.0,2.0,0.0,0.0
INFY,1120.0,3.0,0.0,0.0,2.0,0.0,0.0
INFY,1140.0,9.0,12.0,0.0,3.0,0.0,0.0
INFY,1160.0,7.0,5.0,0.0,3.0,0.0,0.0
INFY,1180.0,4.0,2.0,0.0,0.0,0.0,0.0
INFY,1200.0,4.0,5.0,0.0,5.0,0.0,0.0
INFY,1220.0,1.0,2.0,0.0,1.0,0.0,0.0
INFY,1240.0,1.0,4.0,0.0,1.0,0.0,0.0
INFY,1260.0,0.0,2.0,0.0,0.0,0.0,0.0
INFY,1280.0,0.0,1.0,0.0,1.0,0.0,0.0
INFY,1300.0,1.0,2.0,0.0,1.0,0.0,0.0
INFY,1320.0,0.0,1.0,0.0,0.0,0.0,0.0
INFY,1360.0,0.0,1.0,0.0,2.0,0.0,0.0
INOXWIND,0.0,0.0,0.0,0.0,0.0,44.0,3.0
INOXWIND,65.0,1.0,0.0,0.0,1.0,0.0,0.0
INOXWIND,70.0,3.0,0.0,2.0,1.0,0.0,0.0
INOXWIND,75.0,3.0,1.0,0.0,0.0,0.0,0.0
INOXWIND,77.5,1.0,0.0,0.0,0.0,0.0,0.0
INOXWIND,80.0,2.0,2.0,0.0,0.0,0.0,0.0
INOXWIND,85.0,2.0,0.0,0.0,0.0,0.0,0.0
INOXWIND,90.0,3.0,0.0,0.0,0.0,0.0,0.0
IOC,0.0,0.0,0.0,0.0,0.0,22.0,1.0
IOC,125.0,0.0,0.0,1.0,0.0,0.0,0.0
IOC,130.0,0.0,0.0,1.0,0.0,0.0,0.0
IOC,135.0,0.0,0.0,0.0,3.0,0.0,0.0
IOC,140.0,3.0,1.0,1.0,6.0,0.0,0.0
IOC,142.5,0.0,1.0,0.0,0.0,0.0,0.0
IOC,145.0,0.0,0.0,0.0,1.0,0.0,0.0
IOC,150.0,1.0,2.0,0.0,0.0,0.0,0.0
IOC,160.0,0.0,1.0,0.0,0.0,0.0,0.0
IREDA,0.0,0.0,0.0,0.0,0.0,66.0,0.0
IREDA,100.0,0.0,0.0,3.0,1.0,0.0,0.0
IREDA,105.0,0.0,0.0,0.0,2.0,0.0,0.0
IREDA,107.5,1.0,0.0,0.0,1.0,0.0,0.0
IREDA,110.0,0.0,0.0,1.0,7.0,0.0,0.0
IREDA,115.0,2.0,1.0,0.0,1.0,0.0,0.0
IREDA,117.5,0.0,3.0,0.0,0.0,0.0,0.0
IREDA,120.0,4.0,7.0,0.0,2.0,0.0,0.0
IREDA,122.5,11.0,0.0,0.0,0.0,0.0,0.0
IREDA,125.0,4.0,0.0,0.0,1.0,0.0,0.0
IREDA,130.0,1.0,0.0,0.0,2.0,0.0,0.0
IREDA,145.0,0.0,0.0,0.0,1.0,0.0,0.0
IRFC,0.0,0.0,0.0,0.0,0.0,52.0,0.0
IRFC,80.0,0.0,0.0,1.0,2.0,0.0,0.0
IRFC,83.0,0.0,0.0,1.0,0.0,0.0,0.0
IRFC,84.0,1.0,0.0,0.0,0.0,0.0,0.0
IRFC,85.0,1.0,1.0,0.0,2.0,0.0,0.0
IRFC,86.0,1.0,0.0,0.0,0.0,0.0,0.0
IRFC,87.0,0.0,0.0,1.0,0.0,0.0,0.0
IRFC,88.0,2.0,1.0,0.0,0.0,0.0,0.0
IRFC,90.0,4.0,8.0,0.0,0.0,0.0,0.0
IRFC,95.0,0.0,1.0,0.0,0.0,0.0,0.0
IRFC,100.0,0.0,0.0,0.0,3.0,0.0,0.0
ITC,0.0,0.0,0.0,0.0,0.0,105.0,2.0
ITC,230.0,0.0,0.0,2.0,0.0,0.0,0.0
ITC,240.0,0.0,0.0,0.0,1.0,0.0,0.0
ITC,250.0,0.0,0.0,5.0,0.0,0.0,0.0
ITC,255.0,0.0,0.0,3.0,0.0,0.0,0.0
ITC,260.0,4.0,0.0,6.0,0.0,0.0,0.0
ITC,262.5,0.0,0.0,0.0,1.0,0.0,0.0
ITC,265.0,5.0,0.0,1.0,0.0,0.0,0.0
ITC,267.5,5.0,0.0,0.0,0.0,0.0,0.0
ITC,270.0,13.0,2.0,2.0,1.0,0.0,0.0
ITC,272.5,4.0,1.0,0.0,0.0,0.0,0.0
ITC,275.0,12.0,2.0,0.0,2.0,0.0,0.0
ITC,277.5,2.0,0.0,0.0,0.0,0.0,0.0
ITC,280.0,11.0,4.0,0.0,4.0,0.0,0.0
ITC,285.0,2.0,1.0,0.0,5.0,0.0,0.0
ITC,287.5,0.0,0.0,0.0,2.0,0.0,0.0
ITC,290.0,10.0,2.0,0.0,4.0,0.0,0.0
ITC,295.0,1.0,1.0,0.0,0.0,0.0,0.0
ITC,300.0,4.0,0.0,0.0,5.0,0.0,0.0
ITC,305.0,0.0,0.0,0.0,3.0,0.0,0.0
ITC,320.0,0.0,0.0,0.0,1.0,0.0,0.0
ITC,330.0,1.0,0.0,0.0,1.0,0.0,0.0
ITC,335.0,0.0,0.0,0.0,1.0,0.0,0.0
JINDALSTEL,0.0,0.0,0.0,0.0,0.0,18.0,4.0
JINDALSTEL,1120.0,0.0,0.0,0.0,1.0,0.0,0.0
JINDALSTEL,1140.0,0.0,0.0,0.0,2.0,0.0,0.0
JINDALSTEL,1160.0,1.0,0.0,0.0,0.0,0.0,0.0
JINDALSTEL,1220.0,0.0,1.0,0.0,0.0,0.0,0.0
JIOFIN,0.0,0.0,0.0,0.0,0.0,157.0,0.0
JIOFIN,200.0,0.0,0.0,1.0,0.0,0.0,0.0
JIOFIN,220.0,0.0,0.0,4.0,0.0,0.0,0.0
JIOFIN,225.0,0.0,0.0,2.0,2.0,0.0,0.0
JIOFIN,227.5,0.0,0.0,0.0,1.0,0.0,0.0
JIOFIN,230.0,1.0,0.0,4.0,2.0,0.0,0.0
JIOFIN,235.0,0.0,1.0,0.0,3.0,0.0,0.0
JIOFIN,237.5,1.0,0.0,0.0,0.0,0.0,0.0
JIOFIN,240.0,11.0,6.0,7.0,6.0,0.0,0.0
JIOFIN,242.5,2.0,0.0,0.0,0.0,0.0,0.0
JIOFIN,245.0,9.0,2.0,0.0,2.0,0.0,0.0
JIOFIN,250.0,18.0,7.0,0.0,11.0,0.0,0.0
JIOFIN,252.5,1.0,1.0,0.0,0.0,0.0,0.0
JIOFIN,255.0,3.0,1.0,0.0,4.0,0.0,0.0
JIOFIN,257.5,1.0,0.0,0.0,0.0,0.0,0.0
JIOFIN,260.0,19.0,8.0,0.0,10.0,0.0,0.0
JIOFIN,265.0,2.0,2.0,0.0,1.0,0.0,0.0
JIOFIN,270.0,4.0,4.0,0.0,5.0,0.0,0.0
JIOFIN,275.0,1.0,1.0,0.0,1.0,0.0,0.0
JIOFIN,280.0,2.0,3.0,0.0,10.0,0.0,0.0
JIOFIN,285.0,1.0,1.0,0.0,0.0,0.0,0.0
JIOFIN,290.0,1.0,1.0,0.0,0.0,0.0,0.0
JSWENERGY,0.0,0.0,0.0,0.0,0.0,21.0,0.0
JSWENERGY,530.0,1.0,2.0,1.0,0.0,0.0,0.0
JSWENERGY,540.0,1.0,1.0,0.0,0.0,0.0,0.0
JSWENERGY,550.0,1.0,1.0,0.0,0.0,0.0,0.0
JSWENERGY,560.0,1.0,0.0,1.0,2.0,0.0,0.0
JSWENERGY,580.0,1.0,0.0,0.0,0.0,0.0,0.0
JSWENERGY,600.0,1.0,0.0,0.0,0.0,0.0,0.0
JSWSTEEL,0.0,0.0,0.0,0.0,0.0,11.0,2.0
JSWSTEEL,1200.0,0.0,0.0,1.0,1.0,0.0,0.0
JSWSTEEL,1220.0,0.0,0.0,1.0,0.0,0.0,0.0
JSWSTEEL,1260.0,0.0,0.0,0.0,2.0,0.0,0.0
JSWSTEEL,1280.0,0.0,0.0,0.0,2.0,0.0,0.0
JSWSTEEL,1300.0,0.0,7.0,0.0,1.0,0.0,0.0
JSWSTEEL,1320.0,3.0,5.0,1.0,0.0,0.0,0.0
JSWSTEEL,1340.0,5.0,3.0,0.0,0.0,0.0,0.0
JSWSTEEL,1360.0,3.0,3.0,0.0,0.0,0.0,0.0
JSWSTEEL,1380.0,0.0,1.0,0.0,0.0,0.0,0.0
JSWSTEEL,1400.0,1.0,1.0,0.0,0.0,0.0,0.0
JUBLFOOD,0.0,0.0,0.0,0.0,0.0,22.0,2.0
JUBLFOOD,470.0,0.0,1.0,0.0,0.0,0.0,0.0
JUBLFOOD,475.0,0.0,1.0,0.0,0.0,0.0,0.0
JUBLFOOD,480.0,0.0,1.0,1.0,0.0,0.0,0.0
JUBLFOOD,490.0,0.0,0.0,1.0,2.0,0.0,0.0
JUBLFOOD,500.0,4.0,0.0,0.0,8.0,0.0,0.0
JUBLFOOD,510.0,1.0,11.0,0.0,0.0,0.0,0.0
JUBLFOOD,520.0,1.0,1.0,0.0,0.0,0.0,0.0
JUBLFOOD,550.0,1.0,1.0,0.0,0.0,0.0,0.0
JUBLFOOD,560.0,0.0,1.0,0.0,0.0,0.0,0.0
KALYANKJIL,0.0,0.0,0.0,0.0,0.0,15.0,3.0
KALYANKJIL,500.0,0.0,0.0,0.0,1.0,0.0,0.0
KALYANKJIL,530.0,0.0,0.0,0.0,1.0,0.0,0.0
KALYANKJIL,560.0,0.0,1.0,0.0,1.0,0.0,0.0
KALYANKJIL,570.0,0.0,0.0,1.0,0.0,0.0,0.0
KALYANKJIL,590.0,1.0,1.0,1.0,0.0,0.0,0.0
KALYANKJIL,595.0,0.0,0.0,2.0,0.0,0.0,0.0
KALYANKJIL,600.0,4.0,0.0,2.0,0.0,0.0,0.0
KALYANKJIL,605.0,0.0,0.0,2.0,0.0,0.0,0.0
KALYANKJIL,610.0,1.0,0.0,2.0,0.0,0.0,0.0
KALYANKJIL,615.0,0.0,0.0,2.0,0.0,0.0,0.0
KALYANKJIL,620.0,1.0,1.0,1.0,2.0,0.0,0.0
KALYANKJIL,625.0,1.0,1.0,1.0,0.0,0.0,0.0
KALYANKJIL,630.0,0.0,1.0,0.0,0.0,0.0,0.0
KALYANKJIL,640.0,1.0,3.0,0.0,0.0,0.0,0.0
KALYANKJIL,645.0,0.0,1.0,0.0,0.0,0.0,0.0
KALYANKJIL,650.0,0.0,1.0,0.0,0.0,0.0,0.0
KALYANKJIL,700.0,1.0,0.0,0.0,0.0,0.0,0.0
KAYNES,0.0,0.0,0.0,0.0,0.0,33.0,19.0
KAYNES,3000.0,0.0,0.0,1.0,1.0,0.0,0.0
KAYNES,3100.0,0.0,0.0,0.0,2.0,0.0,0.0
KAYNES,3200.0,0.0,0.0,1.0,0.0,0.0,0.0
KAYNES,3400.0,0.0,1.0,0.0,0.0,0.0,0.0
KAYNES,3500.0,0.0,0.0,0.0,2.0,0.0,0.0
KAYNES,3550.0,1.0,0.0,0.0,0.0,0.0,0.0
KAYNES,3600.0,1.0,0.0,0.0,2.0,0.0,0.0
KAYNES,3650.0,1.0,0.0,0.0,0.0,0.0,0.0
KAYNES,3700.0,1.0,0.0,0.0,1.0,0.0,0.0
KAYNES,3800.0,4.0,0.0,0.0,1.0,0.0,0.0
KAYNES,3850.0,0.0,0.0,0.0,19.0,0.0,0.0
KAYNES,3900.0,0.0,2.0,0.0,0.0,0.0,0.0
KAYNES,4000.0,4.0,4.0,0.0,0.0,0.0,0.0
KAYNES,4050.0,1.0,0.0,0.0,0.0,0.0,0.0
KAYNES,4100.0,2.0,1.0,0.0,0.0,0.0,0.0
KAYNES,4200.0,1.0,1.0,0.0,0.0,0.0,0.0
KAYNES,4300.0,0.0,1.0,0.0,0.0,0.0,0.0
KAYNES,4400.0,3.0,1.0,0.0,0.0,0.0,0.0
KEI,0.0,0.0,0.0,0.0,0.0,12.0,2.0
KEI,4000.0,0.0,0.0,0.0,1.0,0.0,0.0
KEI,4500.0,0.0,0.0,0.0,2.0,0.0,0.0
KEI,4600.0,0.0,0.0,0.0,1.0,0.0,0.0
KEI,4800.0,3.0,0.0,0.0,0.0,0.0,0.0
KEI,4900.0,1.0,0.0,1.0,0.0,0.0,0.0
KEI,5000.0,5.0,0.0,0.0,0.0,0.0,0.0
KEI,5100.0,3.0,0.0,0.0,0.0,0.0,0.0
KEI,5500.0,2.0,1.0,0.0,0.0,0.0,0.0
KEI,5600.0,3.0,0.0,0.0,0.0,0.0,0.0
KEI,5700.0,1.0,0.0,0.0,1.0,0.0,0.0
KFINTECH,0.0,0.0,0.0,0.0,0.0,14.0,0.0
KFINTECH,860.0,0.0,0.0,0.0,2.0,0.0,0.0
KFINTECH,940.0,2.0,0.0,1.0,0.0,0.0,0.0
KFINTECH,980.0,1.0,0.0,0.0,0.0,0.0,0.0
KFINTECH,1000.0,1.0,1.0,0.0,0.0,0.0,0.0
KFINTECH,1080.0,2.0,0.0,0.0,0.0,0.0,0.0
KOTAKBANK,0.0,0.0,0.0,0.0,0.0,14.0,1.0
KOTAKBANK,380.0,0.0,0.0,0.0,1.0,0.0,0.0
KOTAKBANK,390.0,0.0,1.0,2.0,0.0,0.0,0.0
KOTAKBANK,395.0,0.0,1.0,0.0,0.0,0.0,0.0
KOTAKBANK,400.0,0.0,10.0,1.0,1.0,0.0,0.0
KOTAKBANK,405.0,0.0,2.0,2.0,1.0,0.0,0.0
KOTAKBANK,410.0,0.0,1.0,2.0,1.0,0.0,0.0
KOTAKBANK,420.0,2.0,3.0,0.0,2.0,0.0,0.0
KOTAKBANK,425.0,4.0,1.0,0.0,1.0,0.0,0.0
KOTAKBANK,430.0,4.0,0.0,0.0,0.0,0.0,0.0
KOTAKBANK,435.0,0.0,1.0,0.0,0.0,0.0,0.0
KOTAKBANK,440.0,0.0,1.0,0.0,0.0,0.0,0.0
KOTAKBANK,445.0,1.0,0.0,0.0,0.0,0.0,0.0
KOTAKBANK,450.0,1.0,1.0,0.0,0.0,0.0,0.0
KOTAKBANK,455.0,1.0,0.0,0.0,0.0,0.0,0.0
KOTAKBANK,460.0,1.0,0.0,0.0,0.0,0.0,0.0
KOTAKBANK,470.0,1.0,0.0,0.0,0.0,0.0,0.0
KPITTECH,0.0,0.0,0.0,0.0,0.0,24.0,0.0
KPITTECH,500.0,0.0,0.0,1.0,1.0,0.0,0.0
KPITTECH,550.0,0.0,0.0,0.0,1.0,0.0,0.0
KPITTECH,560.0,1.0,0.0,0.0,0.0,0.0,0.0
KPITTECH,580.0,2.0,0.0,0.0,0.0,0.0,0.0
KPITTECH,590.0,5.0,0.0,0.0,0.0,0.0,0.0
KPITTECH,600.0,9.0,0.0,0.0,0.0,0.0,0.0
KPITTECH,610.0,4.0,0.0,0.0,0.0,0.0,0.0
KPITTECH,620.0,2.0,0.0,0.0,0.0,0.0,0.0
KPITTECH,640.0,1.0,0.0,0.0,0.0,0.0,0.0
KPITTECH,650.0,1.0,1.0,0.0,0.0,0.0,0.0
KPITTECH,700.0,5.0,1.0,0.0,0.0,0.0,0.0
LAURUSLABS,0.0,0.0,0.0,0.0,0.0,12.0,5.0
LAURUSLABS,1600.0,0.0,0.0,0.0,1.0,0.0,0.0
LAURUSLABS,1680.0,0.0,0.0,0.0,1.0,0.0,0.0
LAURUSLABS,1700.0,0.0,0.0,0.0,1.0,0.0,0.0
LAURUSLABS,1800.0,3.0,0.0,1.0,1.0,0.0,0.0
LAURUSLABS,1820.0,0.0,1.0,2.0,2.0,0.0,0.0
LAURUSLABS,1840.0,1.0,1.0,0.0,0.0,0.0,0.0
LAURUSLABS,1860.0,0.0,2.0,0.0,2.0,0.0,0.0
LAURUSLABS,1880.0,0.0,2.0,0.0,1.0,0.0,0.0
LAURUSLABS,1900.0,1.0,1.0,0.0,0.0,0.0,0.0
LAURUSLABS,1920.0,2.0,1.0,0.0,0.0,0.0,0.0
LAURUSLABS,1960.0,0.0,1.0,0.0,0.0,0.0,0.0
LAURUSLABS,1980.0,1.0,0.0,0.0,0.0,0.0,0.0
LAURUSLABS,2000.0,0.0,3.0,0.0,0.0,0.0,0.0
LAURUSLABS,2040.0,1.0,1.0,0.0,0.0,0.0,0.0
LAURUSLABS,2080.0,1.0,1.0,0.0,0.0,0.0,0.0
LAURUSLABS,2120.0,0.0,1.0,0.0,0.0,0.0,0.0
LICHSGFIN,0.0,0.0,0.0,0.0,0.0,17.0,0.0
LICHSGFIN,500.0,0.0,1.0,1.0,1.0,0.0,0.0
LICHSGFIN,510.0,0.0,0.0,1.0,0.0,0.0,0.0
LICHSGFIN,520.0,0.0,1.0,0.0,1.0,0.0,0.0
LICHSGFIN,530.0,0.0,1.0,0.0,1.0,0.0,0.0
LICHSGFIN,540.0,1.0,0.0,0.0,0.0,0.0,0.0
LICHSGFIN,550.0,1.0,2.0,0.0,0.0,0.0,0.0
LICHSGFIN,560.0,0.0,1.0,0.0,1.0,0.0,0.0
LICHSGFIN,570.0,0.0,0.0,0.0,1.0,0.0,0.0
LICHSGFIN,600.0,1.0,3.0,0.0,1.0,0.0,0.0
LICI,0.0,0.0,0.0,0.0,0.0,41.0,1.0
LICI,390.0,0.0,0.0,0.0,1.0,0.0,0.0
LICI,400.0,0.0,0.0,0.0,4.0,0.0,0.0
LICI,410.0,0.0,0.0,1.0,2.0,0.0,0.0
LICI,420.0,0.0,2.0,0.0,1.0,0.0,0.0
LICI,425.0,1.0,0.0,0.0,0.0,0.0,0.0
LICI,430.0,3.0,1.0,0.0,2.0,0.0,0.0
LICI,440.0,3.0,2.0,0.0,0.0,0.0,0.0
LICI,450.0,2.0,1.0,0.0,0.0,0.0,0.0
LICI,490.0,0.0,1.0,0.0,0.0,0.0,0.0
LICI,500.0,0.0,1.0,0.0,0.0,0.0,0.0
LODHA,0.0,0.0,0.0,0.0,0.0,10.0,2.0
LODHA,1100.0,0.0,0.0,0.0,1.0,0.0,0.0
LODHA,1160.0,0.0,2.0,1.0,0.0,0.0,0.0
LODHA,1180.0,0.0,0.0,1.0,0.0,0.0,0.0
LODHA,1200.0,1.0,0.0,1.0,1.0,0.0,0.0
LODHA,1220.0,0.0,0.0,1.0,0.0,0.0,0.0
LODHA,1240.0,0.0,0.0,1.0,0.0,0.0,0.0
LODHA,1260.0,3.0,1.0,1.0,0.0,0.0,0.0
LODHA,1280.0,2.0,0.0,0.0,0.0,0.0,0.0
LODHA,1300.0,3.0,0.0,0.0,0.0,0.0,0.0
LODHA,1380.0,1.0,0.0,0.0,0.0,0.0,0.0
LODHA,1400.0,1.0,1.0,0.0,0.0,0.0,0.0
LODHA,1420.0,1.0,0.0,0.0,0.0,0.0,0.0
LT,0.0,0.0,0.0,0.0,0.0,66.0,3.0
LT,3600.0,0.0,0.0,0.0,1.0,0.0,0.0
LT,3700.0,0.0,0.0,1.0,1.0,0.0,0.0
LT,3800.0,1.0,0.0,1.0,0.0,0.0,0.0
LT,3900.0,0.0,0.0,0.0,1.0,0.0,0.0
LT,4000.0,8.0,2.0,0.0,6.0,0.0,0.0
LT,4050.0,2.0,0.0,0.0,2.0,0.0,0.0
LT,4100.0,16.0,3.0,0.0,4.0,0.0,0.0
LT,4150.0,1.0,0.0,0.0,1.0,0.0,0.0
LT,4200.0,3.0,6.0,0.0,1.0,0.0,0.0
LT,4250.0,1.0,0.0,0.0,0.0,0.0,0.0
LT,4300.0,0.0,11.0,0.0,0.0,0.0,0.0
LT,4500.0,0.0,4.0,0.0,0.0,0.0,0.0
LTF,0.0,0.0,0.0,0.0,0.0,17.0,0.0
LTF,270.0,0.0,1.0,0.0,0.0,0.0,0.0
LTF,280.0,0.0,0.0,1.0,0.0,0.0,0.0
LTF,290.0,0.0,0.0,0.0,2.0,0.0,0.0
LTF,300.0,0.0,2.0,1.0,3.0,0.0,0.0
LTF,310.0,0.0,1.0,0.0,4.0,0.0,0.0
LTF,315.0,2.0,0.0,0.0,0.0,0.0,0.0
LTF,320.0,2.0,6.0,0.0,3.0,0.0,0.0
LTF,325.0,0.0,2.0,0.0,0.0,0.0,0.0
LTF,330.0,1.0,3.0,0.0,0.0,0.0,0.0
LTF,340.0,2.0,1.0,0.0,0.0,0.0,0.0
LTF,360.0,0.0,1.0,0.0,0.0,0.0,0.0
LTM,0.0,0.0,0.0,0.0,0.0,17.0,0.0
LTM,3800.0,0.0,0.0,1.0,1.0,0.0,0.0
LTM,4300.0,0.0,0.0,0.0,1.0,0.0,0.0
LTM,4400.0,0.0,2.0,2.0,2.0,0.0,0.0
LTM,4450.0,0.0,1.0,1.0,0.0,0.0,0.0
LTM,4500.0,1.0,0.0,0.0,2.0,0.0,0.0
LTM,4550.0,1.0,0.0,0.0,0.0,0.0,0.0
LTM,4600.0,1.0,9.0,0.0,2.0,0.0,0.0
LTM,4650.0,1.0,0.0,0.0,0.0,0.0,0.0
LTM,4700.0,2.0,0.0,0.0,1.0,0.0,0.0
LTM,4800.0,0.0,0.0,0.0,1.0,0.0,0.0
LTM,4900.0,0.0,1.0,0.0,0.0,0.0,0.0
LTM,5000.0,0.0,1.0,0.0,0.0,0.0,0.0
LTM,5300.0,1.0,0.0,0.0,0.0,0.0,0.0
LUPIN,0.0,0.0,0.0,0.0,0.0,14.0,0.0
LUPIN,2000.0,0.0,0.0,1.0,1.0,0.0,0.0
LUPIN,2100.0,1.0,0.0,1.0,0.0,0.0,0.0
LUPIN,2140.0,1.0,0.0,0.0,1.0,0.0,0.0
LUPIN,2160.0,0.0,0.0,1.0,6.0,0.0,0.0
LUPIN,2200.0,0.0,0.0,0.0,2.0,0.0,0.0
LUPIN,2260.0,0.0,1.0,0.0,2.0,0.0,0.0
LUPIN,2280.0,0.0,0.0,0.0,1.0,0.0,0.0
LUPIN,2300.0,0.0,0.0,0.0,2.0,0.0,0.0
LUPIN,2360.0,0.0,1.0,0.0,0.0,0.0,0.0
LUPIN,2400.0,0.0,1.0,0.0,2.0,0.0,0.0
LUPIN,2500.0,1.0,0.0,0.0,0.0,0.0,0.0
M&M,0.0,0.0,0.0,0.0,0.0,38.0,4.0
M&M,2700.0,0.0,1.0,0.0,0.0,0.0,0.0
M&M,2900.0,0.0,0.0,1.0,3.0,0.0,0.0
M&M,2950.0,0.0,0.0,1.0,2.0,0.0,0.0
M&M,3000.0,0.0,1.0,1.0,0.0,0.0,0.0
M&M,3050.0,0.0,0.0,1.0,0.0,0.0,0.0
M&M,3100.0,0.0,2.0,1.0,2.0,0.0,0.0
M&M,3200.0,3.0,2.0,2.0,4.0,0.0,0.0
M&M,3250.0,2.0,0.0,0.0,0.0,0.0,0.0
M&M,3300.0,2.0,4.0,0.0,4.0,0.0,0.0
M&M,3350.0,0.0,2.0,0.0,1.0,0.0,0.0
M&M,3400.0,11.0,4.0,0.0,4.0,0.0,0.0
M&M,3450.0,1.0,1.0,0.0,0.0,0.0,0.0
M&M,3500.0,3.0,3.0,0.0,1.0,0.0,0.0
M&M,3550.0,0.0,2.0,0.0,1.0,0.0,0.0
M&M,3600.0,1.0,2.0,0.0,1.0,0.0,0.0
M&M,3700.0,0.0,1.0,0.0,0.0,0.0,0.0
M&M,3750.0,0.0,1.0,0.0,0.0,0.0,0.0
M&M,3800.0,0.0,2.0,0.0,1.0,0.0,0.0
M&M,3900.0,0.0,1.0,0.0,0.0,0.0,0.0
MAHABANK,0.0,0.0,0.0,0.0,0.0,3.0,0.0
MAHABANK,85.0,0.0,0.0,1.0,0.0,0.0,0.0
MAHABANK,86.0,1.0,0.0,0.0,0.0,0.0,0.0
MAHABANK,89.0,1.0,0.0,0.0,0.0,0.0,0.0
MAHABANK,90.0,3.0,1.0,0.0,0.0,0.0,0.0
MAHABANK,92.0,1.0,0.0,0.0,0.0,0.0,0.0
MAHABANK,95.0,0.0,1.0,0.0,0.0,0.0,0.0
MANAPPURAM,0.0,0.0,0.0,0.0,0.0,18.0,0.0
MANAPPURAM,320.0,0.0,0.0,1.0,0.0,0.0,0.0
MANAPPURAM,325.0,0.0,0.0,1.0,0.0,0.0,0.0
MANAPPURAM,330.0,0.0,1.0,0.0,1.0,0.0,0.0
MANAPPURAM,340.0,1.0,3.0,0.0,2.0,0.0,0.0
MANAPPURAM,345.0,0.0,1.0,0.0,0.0,0.0,0.0
MANAPPURAM,350.0,2.0,1.0,1.0,1.0,0.0,0.0
MANAPPURAM,360.0,2.0,0.0,0.0,1.0,0.0,0.0
MANAPPURAM,370.0,2.0,0.0,0.0,0.0,0.0,0.0
MANAPPURAM,375.0,1.0,1.0,0.0,0.0,0.0,0.0
MANAPPURAM,380.0,0.0,2.0,0.0,0.0,0.0,0.0
MANAPPURAM,385.0,0.0,1.0,0.0,0.0,0.0,0.0
MANAPPURAM,390.0,2.0,0.0,0.0,0.0,0.0,0.0
MANKIND,0.0,0.0,0.0,0.0,0.0,7.0,0.0
MANKIND,2300.0,0.0,0.0,1.0,1.0,0.0,0.0
MANKIND,2400.0,2.0,0.0,0.0,2.0,0.0,0.0
MANKIND,2460.0,1.0,0.0,0.0,0.0,0.0,0.0
MARICO,0.0,0.0,0.0,0.0,0.0,4.0,0.0
MARICO,760.0,0.0,1.0,0.0,0.0,0.0,0.0
MARICO,820.0,0.0,0.0,1.0,1.0,0.0,0.0
MARICO,830.0,0.0,1.0,0.0,0.0,0.0,0.0
MARICO,850.0,2.0,0.0,0.0,0.0,0.0,0.0
MARICO,880.0,0.0,1.0,0.0,0.0,0.0,0.0
MARUTI,0.0,0.0,0.0,0.0,0.0,36.0,0.0
MARUTI,11700.0,0.0,0.0,0.0,1.0,0.0,0.0
MARUTI,11800.0,0.0,0.0,0.0,2.0,0.0,0.0
MARUTI,12000.0,0.0,0.0,2.0,1.0,0.0,0.0
MARUTI,12200.0,0.0,0.0,0.0,1.0,0.0,0.0
MARUTI,12300.0,0.0,0.0,0.0,1.0,0.0,0.0
MARUTI,12400.0,0.0,0.0,0.0,1.0,0.0,0.0
MARUTI,12500.0,0.0,0.0,2.0,2.0,0.0,0.0
MARUTI,12600.0,0.0,0.0,2.0,1.0,0.0,0.0
MARUTI,12700.0,2.0,0.0,0.0,1.0,0.0,0.0
MARUTI,12800.0,2.0,0.0,0.0,0.0,0.0,0.0
MARUTI,12900.0,4.0,0.0,0.0,0.0,0.0,0.0
MARUTI,13000.0,11.0,1.0,0.0,1.0,0.0,0.0
MARUTI,13100.0,3.0,0.0,0.0,0.0,0.0,0.0
MARUTI,13200.0,2.0,0.0,0.0,0.0,0.0,0.0
MARUTI,13300.0,1.0,0.0,0.0,0.0,0.0,0.0
MARUTI,13400.0,4.0,0.0,0.0,0.0,0.0,0.0
MARUTI,13500.0,7.0,0.0,0.0,1.0,0.0,0.0
MARUTI,13600.0,6.0,0.0,0.0,0.0,0.0,0.0
MARUTI,13700.0,3.0,0.0,0.0,0.0,0.0,0.0
MARUTI,13800.0,6.0,0.0,0.0,0.0,0.0,0.0
MARUTI,13900.0,3.0,2.0,0.0,0.0,0.0,0.0
MARUTI,14000.0,12.0,4.0,0.0,1.0,0.0,0.0
MARUTI,14100.0,0.0,3.0,0.0,0.0,0.0,0.0
MARUTI,14200.0,1.0,3.0,0.0,0.0,0.0,0.0
MARUTI,14300.0,1.0,3.0,0.0,0.0,0.0,0.0
MARUTI,14400.0,1.0,1.0,0.0,0.0,0.0,0.0
MARUTI,14500.0,3.0,1.0,0.0,0.0,0.0,0.0
MARUTI,14700.0,0.0,2.0,0.0,0.0,0.0,0.0
MARUTI,15000.0,0.0,5.0,0.0,0.0,0.0,0.0
MAXHEALTH,0.0,0.0,0.0,0.0,0.0,13.0,0.0
MAXHEALTH,970.0,0.0,0.0,1.0,0.0,0.0,0.0
MAXHEALTH,980.0,0.0,0.0,1.0,0.0,0.0,0.0
MAXHEALTH,990.0,1.0,0.0,0.0,0.0,0.0,0.0
MAXHEALTH,1000.0,0.0,1.0,0.0,1.0,0.0,0.0
MAXHEALTH,1020.0,2.0,1.0,0.0,0.0,0.0,0.0
MAXHEALTH,1050.0,1.0,0.0,0.0,0.0,0.0,0.0
MAXHEALTH,1060.0,0.0,1.0,0.0,1.0,0.0,0.0
MAXHEALTH,1100.0,2.0,0.0,0.0,1.0,0.0,0.0
MAXHEALTH,1120.0,1.0,0.0,0.0,0.0,0.0,0.0
MAXHEALTH,1150.0,1.0,0.0,0.0,0.0,0.0,0.0
MAXHEALTH,1200.0,1.0,0.0,0.0,0.0,0.0,0.0
MAZDOCK,0.0,0.0,0.0,0.0,0.0,32.0,2.0
MAZDOCK,2200.0,0.0,0.0,1.0,0.0,0.0,0.0
MAZDOCK,2400.0,0.0,0.0,1.0,2.0,0.0,0.0
MAZDOCK,2450.0,0.0,1.0,1.0,0.0,0.0,0.0
MAZDOCK,2500.0,3.0,3.0,0.0,3.0,0.0,0.0
MAZDOCK,2550.0,3.0,1.0,0.0,0.0,0.0,0.0
MAZDOCK,2600.0,8.0,1.0,1.0,1.0,0.0,0.0
MAZDOCK,2650.0,0.0,2.0,0.0,0.0,0.0,0.0
MAZDOCK,2700.0,6.0,0.0,0.0,0.0,0.0,0.0
MAZDOCK,2800.0,4.0,2.0,0.0,0.0,0.0,0.0
MAZDOCK,3000.0,1.0,4.0,0.0,0.0,0.0,0.0
MCX,0.0,0.0,0.0,0.0,0.0,18.0,9.0
MCX,2500.0,0.0,0.0,0.0,1.0,0.0,0.0
MCX,2700.0,0.0,0.0,1.0,1.0,0.0,0.0
MCX,2800.0,1.0,0.0,0.0,0.0,0.0,0.0
MCX,2900.0,0.0,1.0,0.0,2.0,0.0,0.0
MCX,2950.0,0.0,0.0,0.0,1.0,0.0,0.0
MCX,3000.0,0.0,2.0,1.0,1.0,0.0,0.0
MCX,3050.0,1.0,0.0,0.0,0.0,0.0,0.0
MCX,3100.0,1.0,1.0,0.0,1.0,0.0,0.0
MCX,3200.0,3.0,1.0,2.0,2.0,0.0,0.0
MCX,3250.0,0.0,0.0,1.0,2.0,0.0,0.0
MCX,3300.0,4.0,1.0,3.0,0.0,0.0,0.0
MCX,3350.0,5.0,0.0,0.0,0.0,0.0,0.0
MCX,3400.0,5.0,3.0,0.0,0.0,0.0,0.0
MCX,3500.0,3.0,4.0,0.0,0.0,0.0,0.0
MCX,3550.0,1.0,0.0,0.0,0.0,0.0,0.0
MCX,3600.0,0.0,1.0,0.0,0.0,0.0,0.0
MCX,3650.0,1.0,0.0,0.0,0.0,0.0,0.0
MCX,3700.0,1.0,1.0,0.0,0.0,0.0,0.0
MCX,3800.0,1.0,1.0,0.0,0.0,0.0,0.0
MFSL,0.0,0.0,0.0,0.0,0.0,5.0,0.0
MFSL,1560.0,1.0,1.0,0.0,0.0,0.0,0.0
MFSL,1600.0,2.0,1.0,0.0,0.0,0.0,0.0
MFSL,1660.0,0.0,0.0,0.0,1.0,0.0,0.0
MIDCPNIFTY,0.0,0.0,0.0,0.0,0.0,9.0,3.0
MIDCPNIFTY,14000.0,0.0,0.0,2.0,0.0,0.0,0.0
MIDCPNIFTY,14500.0,0.0,0.0,1.0,1.0,0.0,0.0
MIDCPNIFTY,14600.0,0.0,0.0,1.0,1.0,0.0,0.0
MIDCPNIFTY,14750.0,0.0,0.0,2.0,0.0,0.0,0.0
MIDCPNIFTY,14800.0,3.0,0.0,0.0,0.0,0.0,0.0
MIDCPNIFTY,15000.0,1.0,1.0,0.0,0.0,0.0,0.0
MIDCPNIFTY,15100.0,0.0,2.0,0.0,0.0,0.0,0.0
MIDCPNIFTY,15200.0,0.0,1.0,0.0,0.0,0.0,0.0
MIDCPNIFTY,15500.0,2.0,0.0,0.0,0.0,0.0,0.0
MOTHERSON,0.0,0.0,0.0,0.0,0.0,7.0,3.0
MOTHERSON,130.0,0.0,1.0,0.0,0.0,0.0,0.0
MOTHERSON,155.0,0.0,0.0,0.0,1.0,0.0,0.0
MOTHERSON,160.0,1.0,0.0,2.0,3.0,0.0,0.0
MOTHERSON,162.5,0.0,0.0,0.0,1.0,0.0,0.0
MOTHERSON,165.0,3.0,0.0,0.0,1.0,0.0,0.0
MOTHERSON,170.0,1.0,1.0,0.0,0.0,0.0,0.0
MOTHERSON,172.5,0.0,1.0,0.0,0.0,0.0,0.0
MOTHERSON,175.0,2.0,0.0,0.0,0.0,0.0,0.0
MOTHERSON,180.0,1.0,0.0,0.0,0.0,0.0,0.0
MOTHERSON,185.0,1.0,0.0,0.0,0.0,0.0,0.0
MOTHERSON,190.0,1.0,0.0,0.0,0.0,0.0,0.0
MOTILALOFS,0.0,0.0,0.0,0.0,0.0,1.0,1.0
MOTILALOFS,900.0,0.0,1.0,0.0,0.0,0.0,0.0
MOTILALOFS,960.0,0.0,0.0,0.0,1.0,0.0,0.0
MOTILALOFS,1100.0,1.0,0.0,0.0,0.0,0.0,0.0
MPHASIS,0.0,0.0,0.0,0.0,0.0,15.0,1.0
MPHASIS,2200.0,0.0,1.0,0.0,1.0,0.0,0.0
MPHASIS,2250.0,0.0,0.0,0.0,1.0,0.0,0.0
MPHASIS,2300.0,0.0,0.0,0.0,1.0,0.0,0.0
MPHASIS,2350.0,1.0,0.0,0.0,0.0,0.0,0.0
MPHASIS,2400.0,1.0,1.0,0.0,1.0,0.0,0.0
MPHASIS,2450.0,1.0,10.0,0.0,0.0,0.0,0.0
MPHASIS,2500.0,0.0,2.0,0.0,0.0,0.0,0.0
MPHASIS,2700.0,1.0,0.0,0.0,0.0,0.0,0.0
MUTHOOTFIN,0.0,0.0,0.0,0.0,0.0,19.0,1.0
MUTHOOTFIN,2500.0,0.0,0.0,0.0,1.0,0.0,0.0
MUTHOOTFIN,2700.0,0.0,0.0,0.0,1.0,0.0,0.0
MUTHOOTFIN,2750.0,0.0,0.0,0.0,1.0,0.0,0.0
MUTHOOTFIN,2850.0,0.0,0.0,1.0,1.0,0.0,0.0
MUTHOOTFIN,2900.0,0.0,0.0,1.0,2.0,0.0,0.0
MUTHOOTFIN,3000.0,2.0,0.0,0.0,0.0,0.0,0.0
MUTHOOTFIN,3100.0,0.0,0.0,0.0,1.0,0.0,0.0
MUTHOOTFIN,3200.0,3.0,0.0,0.0,0.0,0.0,0.0
MUTHOOTFIN,3250.0,1.0,0.0,0.0,0.0,0.0,0.0
MUTHOOTFIN,3300.0,1.0,0.0,0.0,0.0,0.0,0.0
MUTHOOTFIN,3400.0,1.0,0.0,0.0,0.0,0.0,0.0
MUTHOOTFIN,3500.0,1.0,1.0,0.0,0.0,0.0,0.0
NAM-INDIA,0.0,0.0,0.0,0.0,0.0,1.0,1.0
NAM-INDIA,1160.0,0.0,1.0,0.0,0.0,0.0,0.0
NAM-INDIA,1200.0,0.0,1.0,0.0,0.0,0.0,0.0
NAM-INDIA,1240.0,0.0,2.0,0.0,2.0,0.0,0.0
NAM-INDIA,1300.0,1.0,0.0,0.0,0.0,0.0,0.0
NATIONALUM,0.0,0.0,0.0,0.0,0.0,29.0,4.0
NATIONALUM,350.0,0.0,0.0,2.0,0.0,0.0,0.0
NATIONALUM,370.0,3.0,0.0,0.0,1.0,0.0,0.0
NATIONALUM,380.0,0.0,2.0,0.0,1.0,0.0,0.0
NATIONALUM,390.0,0.0,3.0,0.0,0.0,0.0,0.0
NATIONALUM,400.0,5.0,3.0,0.0,2.0,0.0,0.0
NATIONALUM,410.0,2.0,3.0,0.0,0.0,0.0,0.0
NATIONALUM,420.0,1.0,0.0,0.0,0.0,0.0,0.0
NATIONALUM,430.0,1.0,0.0,0.0,0.0,0.0,0.0
NATIONALUM,440.0,2.0,0.0,0.0,0.0,0.0,0.0
NATIONALUM,460.0,1.0,0.0,0.0,0.0,0.0,0.0
NAUKRI,0.0,0.0,0.0,0.0,0.0,3.0,1.0
NAUKRI,1220.0,0.0,0.0,1.0,0.0,0.0,0.0
NAUKRI,1300.0,0.0,1.0,0.0,0.0,0.0,0.0
NAUKRI,1320.0,0.0,0.0,1.0,1.0,0.0,0.0
NAUKRI,1340.0,2.0,0.0,0.0,0.0,0.0,0.0
NAUKRI,1400.0,4.0,0.0,0.0,0.0,0.0,0.0
NAUKRI,1440.0,1.0,0.0,0.0,0.0,0.0,0.0
NAUKRI,1460.0,2.0,0.0,0.0,0.0,0.0,0.0
NAUKRI,1480.0,1.0,0.0,0.0,0.0,0.0,0.0
NAUKRI,1500.0,1.0,0.0,0.0,0.0,0.0,0.0
NBCC,0.0,0.0,0.0,0.0,0.0,25.0,0.0
NBCC,85.0,0.0,0.0,1.0,1.0,0.0,0.0
NBCC,87.5,1.0,1.0,0.0,0.0,0.0,0.0
NBCC,90.0,3.0,4.0,0.0,0.0,0.0,0.0
NBCC,92.5,1.0,0.0,0.0,0.0,0.0,0.0
NBCC,95.0,1.0,0.0,0.0,0.0,0.0,0.0
NBCC,97.5,1.0,0.0,0.0,0.0,0.0,0.0
NBCC,100.0,0.0,0.0,0.0,1.0,0.0,0.0
NBCC,110.0,0.0,0.0,0.0,1.0,0.0,0.0
NESTLEIND,0.0,0.0,0.0,0.0,0.0,8.0,1.0
NESTLEIND,1380.0,0.0,0.0,0.0,1.0,0.0,0.0
NESTLEIND,1400.0,1.0,0.0,0.0,1.0,0.0,0.0
NESTLEIND,1410.0,0.0,1.0,0.0,0.0,0.0,0.0
NESTLEIND,1420.0,1.0,0.0,0.0,0.0,0.0,0.0
NESTLEIND,1440.0,0.0,1.0,0.0,0.0,0.0,0.0
NESTLEIND,1450.0,0.0,0.0,0.0,1.0,0.0,0.0
NESTLEIND,1480.0,1.0,0.0,0.0,0.0,0.0,0.0
NESTLEIND,1500.0,1.0,0.0,0.0,0.0,0.0,0.0
NHPC,0.0,0.0,0.0,0.0,0.0,16.0,0.0
NHPC,71.0,0.0,0.0,1.0,0.0,0.0,0.0
NHPC,75.0,0.0,0.0,0.0,1.0,0.0,0.0
NHPC,76.0,2.0,1.0,0.0,0.0,0.0,0.0
NHPC,77.0,1.0,2.0,0.0,0.0,0.0,0.0
NHPC,78.0,2.0,1.0,0.0,0.0,0.0,0.0
NHPC,80.0,3.0,2.0,0.0,1.0,0.0,0.0
NHPC,90.0,0.0,0.0,0.0,1.0,0.0,0.0
NIFTY,0.0,0.0,0.0,0.0,0.0,274.0,21.0
NIFTY,15000.0,0.0,0.0,1.0,0.0,0.0,0.0
NIFTY,16500.0,0.0,0.0,2.0,0.0,0.0,0.0
NIFTY,19500.0,0.0,0.0,4.0,0.0,0.0,0.0
NIFTY,20000.0,0.0,3.0,1.0,0.0,0.0,0.0
NIFTY,21000.0,0.0,13.0,5.0,4.0,0.0,0.0
NIFTY,21600.0,0.0,0.0,1.0,1.0,0.0,0.0
NIFTY,21800.0,0.0,0.0,1.0,0.0,0.0,0.0
NIFTY,22000.0,4.0,14.0,8.0,5.0,0.0,0.0
NIFTY,22400.0,0.0,0.0,1.0,0.0,0.0,0.0
NIFTY,22500.0,0.0,7.0,68.0,9.0,0.0,0.0
NIFTY,22600.0,0.0,0.0,0.0,2.0,0.0,0.0
NIFTY,22650.0,0.0,0.0,0.0,1.0,0.0,0.0
NIFTY,22700.0,0.0,0.0,2.0,5.0,0.0,0.0
NIFTY,22750.0,0.0,0.0,1.0,1.0,0.0,0.0
NIFTY,22800.0,0.0,0.0,100.0,5.0,0.0,0.0
NIFTY,22900.0,0.0,0.0,0.0,3.0,0.0,0.0
NIFTY,23000.0,2.0,7.0,60.0,26.0,0.0,0.0
NIFTY,23050.0,0.0,0.0,2.0,0.0,0.0,0.0
NIFTY,23100.0,0.0,0.0,5.0,32.0,0.0,0.0
NIFTY,23150.0,0.0,0.0,4.0,6.0,0.0,0.0
NIFTY,23200.0,0.0,1.0,16.0,34.0,0.0,0.0
NIFTY,23250.0,0.0,0.0,5.0,2.0,0.0,0.0
NIFTY,23300.0,0.0,1.0,11.0,14.0,0.0,0.0
NIFTY,23350.0,0.0,0.0,4.0,5.0,0.0,0.0
NIFTY,23400.0,0.0,0.0,6.0,36.0,0.0,0.0
NIFTY,23450.0,0.0,0.0,27.0,5.0,0.0,0.0
NIFTY,23500.0,23.0,5.0,45.0,52.0,0.0,0.0
NIFTY,23550.0,0.0,0.0,6.0,6.0,0.0,0.0
NIFTY,23600.0,1.0,2.0,21.0,17.0,0.0,0.0
NIFTY,23650.0,4.0,0.0,13.0,7.0,0.0,0.0
NIFTY,23700.0,12.0,4.0,20.0,28.0,0.0,0.0
NIFTY,23750.0,13.0,3.0,22.0,18.0,0.0,0.0
NIFTY,23800.0,78.0,126.0,58.0,57.0,0.0,0.0
NIFTY,23850.0,54.0,167.0,20.0,30.0,0.0,0.0
NIFTY,23900.0,157.0,65.0,27.0,55.0,0.0,0.0
NIFTY,23950.0,45.0,148.0,12.0,26.0,0.0,0.0
NIFTY,24000.0,176.0,121.0,52.0,256.0,0.0,0.0
NIFTY,24050.0,44.0,14.0,4.0,3.0,0.0,0.0
NIFTY,24100.0,70.0,45.0,6.0,44.0,0.0,0.0
NIFTY,24150.0,25.0,6.0,1.0,9.0,0.0,0.0
NIFTY,24200.0,90.0,56.0,4.0,55.0,0.0,0.0
NIFTY,24250.0,12.0,19.0,0.0,3.0,0.0,0.0
NIFTY,24300.0,88.0,68.0,2.0,32.0,0.0,0.0
NIFTY,24350.0,11.0,32.0,0.0,2.0,0.0,0.0
NIFTY,24400.0,25.0,45.0,0.0,22.0,0.0,0.0
NIFTY,24450.0,3.0,30.0,0.0,1.0,0.0,0.0
NIFTY,24500.0,55.0,64.0,4.0,39.0,0.0,0.0
NIFTY,24550.0,5.0,31.0,0.0,1.0,0.0,0.0
NIFTY,24600.0,12.0,56.0,0.0,13.0,0.0,0.0
NIFTY,24650.0,2.0,3.0,0.0,1.0,0.0,0.0
NIFTY,24700.0,14.0,21.0,0.0,5.0,0.0,0.0
NIFTY,24750.0,3.0,2.0,0.0,1.0,0.0,0.0
NIFTY,24800.0,10.0,13.0,0.0,8.0,0.0,0.0
NIFTY,24850.0,0.0,2.0,0.0,0.0,0.0,0.0
NIFTY,24900.0,4.0,6.0,0.0,2.0,0.0,0.0
NIFTY,24950.0,2.0,4.0,0.0,1.0,0.0,0.0
NIFTY,25000.0,142.0,35.0,10.0,25.0,0.0,0.0
NIFTY,25050.0,1.0,1.0,0.0,1.0,0.0,0.0
NIFTY,25100.0,8.0,7.0,0.0,4.0,0.0,0.0
NIFTY,25150.0,0.0,2.0,0.0,0.0,0.0,0.0
NIFTY,25200.0,0.0,5.0,0.0,0.0,0.0,0.0
NIFTY,25250.0,2.0,2.0,0.0,0.0,0.0,0.0
NIFTY,25300.0,0.0,4.0,0.0,2.0,0.0,0.0
NIFTY,25350.0,1.0,3.0,0.0,1.0,0.0,0.0
NIFTY,25400.0,1.0,5.0,0.0,1.0,0.0,0.0
NIFTY,25500.0,62.0,12.0,0.0,19.0,0.0,0.0
NIFTY,25550.0,0.0,2.0,0.0,0.0,0.0,0.0
NIFTY,25600.0,2.0,1.0,0.0,0.0,0.0,0.0
NIFTY,25700.0,0.0,2.0,0.0,0.0,0.0,0.0
NIFTY,25800.0,4.0,1.0,0.0,1.0,0.0,0.0
NIFTY,26000.0,35.0,13.0,3.0,27.0,0.0,0.0
NIFTY,26200.0,0.0,0.0,0.0,2.0,0.0,0.0
NIFTY,26300.0,0.0,0.0,0.0,3.0,0.0,0.0
NIFTY,26500.0,5.0,2.0,0.0,5.0,0.0,0.0
NIFTY,27000.0,6.0,5.0,0.0,13.0,0.0,0.0
NIFTY,28000.0,2.0,0.0,0.0,3.0,0.0,0.0
NIFTY,28500.0,2.0,0.0,0.0,6.0,0.0,0.0
NIFTY,30000.0,4.0,0.0,0.0,4.0,0.0,0.0
NIFTY,31000.0,1.0,0.0,0.0,0.0,0.0,0.0
NIFTYNXT50,0.0,0.0,0.0,0.0,0.0,1.0,0.0
NMDC,0.0,0.0,0.0,0.0,0.0,39.0,3.0
NMDC,75.0,0.0,0.0,1.0,0.0,0.0,0.0
NMDC,78.0,0.0,0.0,0.0,2.0,0.0,0.0
NMDC,80.0,0.0,0.0,2.0,0.0,0.0,0.0
NMDC,82.0,0.0,0.0,0.0,1.0,0.0,0.0
NMDC,84.0,0.0,0.0,2.0,0.0,0.0,0.0
NMDC,85.0,5.0,0.0,2.0,1.0,0.0,0.0
NMDC,86.0,4.0,1.0,1.0,0.0,0.0,0.0
NMDC,87.0,2.0,0.0,0.0,0.0,0.0,0.0
NMDC,88.0,11.0,1.0,0.0,0.0,0.0,0.0
NMDC,89.0,2.0,0.0,0.0,0.0,0.0,0.0
NMDC,90.0,8.0,0.0,0.0,0.0,0.0,0.0
NMDC,91.0,1.0,0.0,0.0,0.0,0.0,0.0
NMDC,92.0,3.0,0.0,0.0,0.0,0.0,0.0
NMDC,95.0,4.0,0.0,0.0,0.0,0.0,0.0
NMDC,96.0,0.0,1.0,0.0,0.0,0.0,0.0
NMDC,100.0,2.0,1.0,0.0,0.0,0.0,0.0
NTPC,0.0,0.0,0.0,0.0,0.0,43.0,1.0
NTPC,310.0,0.0,0.0,1.0,0.0,0.0,0.0
NTPC,320.0,0.0,0.0,2.0,1.0,0.0,0.0
NTPC,330.0,9.0,1.0,1.0,4.0,0.0,0.0
NTPC,335.0,4.0,1.0,0.0,1.0,0.0,0.0
NTPC,340.0,2.0,14.0,0.0,2.0,0.0,0.0
NTPC,345.0,13.0,0.0,0.0,1.0,0.0,0.0
NTPC,350.0,6.0,0.0,0.0,1.0,0.0,0.0
NTPC,355.0,1.0,1.0,0.0,0.0,0.0,0.0
NTPC,360.0,6.0,1.0,0.0,1.0,0.0,0.0
NTPC,365.0,1.0,0.0,0.0,0.0,0.0,0.0
NYKAA,0.0,0.0,0.0,0.0,0.0,10.0,1.0
NYKAA,320.0,0.0,0.0,1.0,0.0,0.0,0.0
NYKAA,325.0,0.0,0.0,0.0,1.0,0.0,0.0
NYKAA,340.0,1.0,0.0,0.0,0.0,0.0,0.0
NYKAA,345.0,1.0,0.0,0.0,0.0,0.0,0.0
OBEROIRLTY,0.0,0.0,0.0,0.0,0.0,14.0,1.0
OBEROIRLTY,1800.0,0.0,1.0,0.0,0.0,0.0,0.0
OBEROIRLTY,1860.0,0.0,0.0,0.0,1.0,0.0,0.0
OBEROIRLTY,1900.0,4.0,0.0,0.0,0.0,0.0,0.0
OBEROIRLTY,1920.0,2.0,0.0,0.0,0.0,0.0,0.0
OBEROIRLTY,1940.0,2.0,0.0,0.0,0.0,0.0,0.0
OBEROIRLTY,2000.0,3.0,0.0,0.0,0.0,0.0,0.0
OBEROIRLTY,2100.0,1.0,0.0,0.0,0.0,0.0,0.0
OBEROIRLTY,2140.0,0.0,1.0,0.0,0.0,0.0,0.0
OFSS,0.0,0.0,0.0,0.0,0.0,17.0,2.0
OFSS,11200.0,0.0,0.0,0.0,1.0,0.0,0.0
OFSS,11300.0,0.0,0.0,0.0,1.0,0.0,0.0
OFSS,11500.0,0.0,0.0,0.0,1.0,0.0,0.0
OFSS,11700.0,1.0,0.0,0.0,0.0,0.0,0.0
OFSS,11900.0,2.0,0.0,0.0,0.0,0.0,0.0
OFSS,12000.0,4.0,1.0,1.0,0.0,0.0,0.0
OFSS,12100.0,0.0,9.0,0.0,0.0,0.0,0.0
OFSS,12200.0,2.0,0.0,0.0,0.0,0.0,0.0
OFSS,12400.0,1.0,0.0,0.0,0.0,0.0,0.0
OFSS,12500.0,2.0,1.0,0.0,0.0,0.0,0.0
OFSS,13000.0,2.0,0.0,0.0,0.0,0.0,0.0
OFSS,13200.0,1.0,1.0,0.0,0.0,0.0,0.0
OFSS,13400.0,0.0,1.0,0.0,0.0,0.0,0.0
OFSS,13600.0,0.0,1.0,0.0,0.0,0.0,0.0
OIL,0.0,0.0,0.0,0.0,0.0,2.0,0.0
OIL,410.0,0.0,0.0,0.0,1.0,0.0,0.0
OIL,460.0,0.0,1.0,0.0,0.0,0.0,0.0
OIL,480.0,0.0,0.0,1.0,0.0,0.0,0.0
OIL,500.0,0.0,0.0,0.0,1.0,0.0,0.0
OIL,520.0,1.0,1.0,0.0,0.0,0.0,0.0
ONGC,0.0,0.0,0.0,0.0,0.0,20.0,1.0
ONGC,220.0,0.0,0.0,0.0,1.0,0.0,0.0
ONGC,227.5,0.0,0.0,0.0,2.0,0.0,0.0
ONGC,230.0,0.0,0.0,2.0,3.0,0.0,0.0
ONGC,232.5,1.0,0.0,1.0,1.0,0.0,0.0
ONGC,235.0,4.0,4.0,0.0,4.0,0.0,0.0
ONGC,237.5,1.0,0.0,0.0,0.0,0.0,0.0
ONGC,240.0,8.0,3.0,0.0,2.0,0.0,0.0
ONGC,242.5,1.0,0.0,0.0,0.0,0.0,0.0
ONGC,245.0,2.0,1.0,0.0,1.0,0.0,0.0
ONGC,250.0,3.0,1.0,0.0,1.0,0.0,0.0
PAGEIND,0.0,0.0,0.0,0.0,0.0,14.0,0.0
PAGEIND,34500.0,0.0,0.0,0.0,1.0,0.0,0.0
PAGEIND,35500.0,1.0,0.0,0.0,0.0,0.0,0.0
PAGEIND,36000.0,2.0,0.0,0.0,0.0,0.0,0.0
PAGEIND,37000.0,1.0,1.0,0.0,0.0,0.0,0.0
PAGEIND,38000.0,0.0,1.0,0.0,0.0,0.0,0.0
PAGEIND,40000.0,2.0,0.0,0.0,1.0,0.0,0.0
PATANJALI,0.0,0.0,0.0,0.0,0.0,15.0,0.0
PATANJALI,300.0,0.0,0.0,0.0,1.0,0.0,0.0
PATANJALI,330.0,0.0,0.0,0.0,1.0,0.0,0.0
PATANJALI,345.0,2.0,1.0,0.0,0.0,0.0,0.0
PATANJALI,350.0,2.0,0.0,0.0,1.0,0.0,0.0
PATANJALI,360.0,3.0,0.0,0.0,0.0,0.0,0.0
PAYTM,0.0,0.0,0.0,0.0,0.0,12.0,1.0
PAYTM,1440.0,0.0,1.0,0.0,0.0,0.0,0.0
PAYTM,1500.0,0.0,0.0,2.0,0.0,0.0,0.0
PAYTM,1540.0,0.0,0.0,0.0,1.0,0.0,0.0
PAYTM,1560.0,0.0,1.0,0.0,0.0,0.0,0.0
PAYTM,1580.0,0.0,1.0,0.0,1.0,0.0,0.0
PAYTM,1600.0,1.0,1.0,2.0,2.0,0.0,0.0
PAYTM,1640.0,0.0,1.0,1.0,0.0,0.0,0.0
PAYTM,1660.0,1.0,1.0,0.0,0.0,0.0,0.0
PAYTM,1680.0,1.0,0.0,1.0,0.0,0.0,0.0
PAYTM,1700.0,2.0,0.0,1.0,0.0,0.0,0.0
PAYTM,1720.0,9.0,0.0,1.0,0.0,0.0,0.0
PAYTM,1740.0,3.0,1.0,0.0,0.0,0.0,0.0
PAYTM,1760.0,0.0,1.0,0.0,0.0,0.0,0.0
PAYTM,1800.0,1.0,1.0,0.0,0.0,0.0,0.0
PAYTM,1820.0,1.0,1.0,0.0,0.0,0.0,0.0
PAYTM,1900.0,1.0,1.0,0.0,0.0,0.0,0.0
PERSISTENT,0.0,0.0,0.0,0.0,0.0,21.0,0.0
PERSISTENT,4800.0,0.0,0.0,0.0,1.0,0.0,0.0
PERSISTENT,5000.0,0.0,0.0,1.0,0.0,0.0,0.0
PERSISTENT,5200.0,0.0,1.0,0.0,0.0,0.0,0.0
PERSISTENT,5400.0,0.0,0.0,0.0,1.0,0.0,0.0
PERSISTENT,5500.0,0.0,1.0,2.0,0.0,0.0,0.0
PERSISTENT,5600.0,3.0,3.0,0.0,2.0,0.0,0.0
PERSISTENT,5700.0,17.0,1.0,0.0,1.0,0.0,0.0
PERSISTENT,5800.0,3.0,10.0,0.0,2.0,0.0,0.0
PERSISTENT,5900.0,3.0,0.0,0.0,0.0,0.0,0.0
PERSISTENT,6000.0,5.0,1.0,0.0,0.0,0.0,0.0
PERSISTENT,6100.0,1.0,0.0,0.0,0.0,0.0,0.0
PERSISTENT,6400.0,0.0,1.0,0.0,0.0,0.0,0.0
PETRONET,0.0,0.0,0.0,0.0,0.0,2.0,0.0
PETRONET,270.0,0.0,1.0,0.0,0.0,0.0,0.0
PETRONET,280.0,0.0,1.0,1.0,0.0,0.0,0.0
PETRONET,290.0,0.0,0.0,0.0,2.0,0.0,0.0
PETRONET,300.0,1.0,1.0,0.0,0.0,0.0,0.0
PETRONET,310.0,1.0,0.0,0.0,0.0,0.0,0.0
PETRONET,315.0,1.0,0.0,0.0,0.0,0.0,0.0
PETRONET,320.0,1.0,0.0,0.0,0.0,0.0,0.0
PFC,0.0,0.0,0.0,0.0,0.0,67.0,0.0
PFC,320.0,0.0,0.0,0.0,1.0,0.0,0.0
PFC,330.0,0.0,0.0,0.0,1.0,0.0,0.0
PFC,335.0,0.0,0.0,1.0,0.0,0.0,0.0
PFC,340.0,0.0,0.0,2.0,1.0,0.0,0.0
PFC,345.0,0.0,0.0,1.0,0.0,0.0,0.0
PFC,350.0,5.0,2.0,0.0,0.0,0.0,0.0
PFC,355.0,0.0,0.0,1.0,1.0,0.0,0.0
PFC,360.0,4.0,0.0,0.0,2.0,0.0,0.0
PFC,365.0,2.0,0.0,1.0,2.0,0.0,0.0
PFC,370.0,3.0,1.0,1.0,3.0,0.0,0.0
PFC,375.0,1.0,0.0,0.0,0.0,0.0,0.0
PFC,380.0,1.0,3.0,0.0,2.0,0.0,0.0
PFC,385.0,3.0,1.0,0.0,0.0,0.0,0.0
PFC,390.0,1.0,1.0,0.0,0.0,0.0,0.0
PFC,395.0,0.0,0.0,0.0,1.0,0.0,0.0
PFC,400.0,0.0,0.0,0.0,5.0,0.0,0.0
PFC,450.0,0.0,0.0,0.0,2.0,0.0,0.0
PGEL,0.0,0.0,0.0,0.0,0.0,15.0,2.0
PGEL,480.0,0.0,0.0,0.0,1.0,0.0,0.0
PGEL,500.0,0.0,0.0,1.0,0.0,0.0,0.0
PGEL,550.0,0.0,1.0,1.0,0.0,0.0,0.0
PGEL,570.0,1.0,0.0,0.0,0.0,0.0,0.0
PGEL,580.0,0.0,0.0,0.0,2.0,0.0,0.0
PGEL,590.0,1.0,0.0,0.0,0.0,0.0,0.0
PGEL,600.0,1.0,0.0,0.0,0.0,0.0,0.0
PGEL,610.0,0.0,1.0,0.0,0.0,0.0,0.0
PGEL,650.0,1.0,1.0,0.0,0.0,0.0,0.0
PHOENIXLTD,0.0,0.0,0.0,0.0,0.0,1.0,0.0
PHOENIXLTD,2000.0,0.0,1.0,0.0,0.0,0.0,0.0
PHOENIXLTD,2040.0,0.0,0.0,0.0,1.0,0.0,0.0
PIDILITIND,0.0,0.0,0.0,0.0,0.0,4.0,0.0
PIDILITIND,1640.0,0.0,1.0,0.0,0.0,0.0,0.0
PIDILITIND,1660.0,1.0,3.0,0.0,1.0,0.0,0.0
PIDILITIND,1680.0,1.0,0.0,0.0,0.0,0.0,0.0
PIDILITIND,1700.0,0.0,0.0,0.0,1.0,0.0,0.0
PIIND,0.0,0.0,0.0,0.0,0.0,16.0,0.0
PIIND,2200.0,0.0,0.0,0.0,1.0,0.0,0.0
PIIND,2400.0,0.0,1.0,1.0,21.0,0.0,0.0
PIIND,2500.0,3.0,0.0,0.0,0.0,0.0,0.0
PIIND,2600.0,2.0,0.0,0.0,0.0,0.0,0.0
PNB,0.0,0.0,0.0,0.0,0.0,34.0,2.0
PNB,105.0,0.0,0.0,1.0,0.0,0.0,0.0
PNB,110.0,0.0,0.0,1.0,0.0,0.0,0.0
PNB,112.0,0.0,0.0,0.0,1.0,0.0,0.0
PNB,114.0,0.0,0.0,1.0,0.0,0.0,0.0
PNB,115.0,1.0,0.0,1.0,1.0,0.0,0.0
PNB,117.0,2.0,1.0,0.0,0.0,0.0,0.0
PNB,118.0,4.0,0.0,0.0,1.0,0.0,0.0
PNB,119.0,2.0,0.0,0.0,0.0,0.0,0.0
PNB,120.0,14.0,2.0,0.0,1.0,0.0,0.0
PNB,122.0,0.0,2.0,0.0,0.0,0.0,0.0
PNB,125.0,2.0,4.0,0.0,0.0,0.0,0.0
PNB,127.0,0.0,1.0,0.0,0.0,0.0,0.0
PNB,128.0,0.0,1.0,0.0,0.0,0.0,0.0
PNB,130.0,1.0,4.0,0.0,0.0,0.0,0.0
PNB,134.0,0.0,2.0,0.0,0.0,0.0,0.0
PNBHOUSING,0.0,0.0,0.0,0.0,0.0,4.0,3.0
PNBHOUSING,1100.0,0.0,0.0,0.0,1.0,0.0,0.0
PNBHOUSING,1120.0,1.0,0.0,0.0,0.0,0.0,0.0
PNBHOUSING,1180.0,1.0,0.0,0.0,0.0,0.0,0.0
PNBHOUSING,1200.0,3.0,0.0,0.0,1.0,0.0,0.0
POLICYBZR,0.0,0.0,0.0,0.0,0.0,3.0,3.0
POLICYBZR,1700.0,0.0,0.0,0.0,1.0,0.0,0.0
POLICYBZR,1720.0,0.0,0.0,0.0,1.0,0.0,0.0
POLICYBZR,1800.0,1.0,0.0,0.0,0.0,0.0,0.0
POLICYBZR,1880.0,1.0,0.0,0.0,0.0,0.0,0.0
POLICYBZR,1900.0,1.0,0.0,0.0,0.0,0.0,0.0
POLYCAB,0.0,0.0,0.0,0.0,0.0,24.0,2.0
POLYCAB,7500.0,0.0,0.0,1.0,0.0,0.0,0.0
POLYCAB,8000.0,0.0,0.0,1.0,2.0,0.0,0.0
POLYCAB,8200.0,0.0,0.0,0.0,1.0,0.0,0.0
POLYCAB,8300.0,1.0,0.0,3.0,0.0,0.0,0.0
POLYCAB,8400.0,0.0,1.0,0.0,0.0,0.0,0.0
POLYCAB,8500.0,1.0,2.0,0.0,1.0,0.0,0.0
POLYCAB,8600.0,1.0,2.0,0.0,0.0,0.0,0.0
POLYCAB,8700.0,2.0,1.0,0.0,0.0,0.0,0.0
POLYCAB,8800.0,1.0,0.0,0.0,0.0,0.0,0.0
POLYCAB,8900.0,2.0,0.0,0.0,5.0,0.0,0.0
POLYCAB,9000.0,3.0,0.0,0.0,0.0,0.0,0.0
POLYCAB,9100.0,2.0,1.0,0.0,1.0,0.0,0.0
POLYCAB,9200.0,2.0,0.0,0.0,0.0,0.0,0.0
POLYCAB,9300.0,1.0,0.0,0.0,0.0,0.0,0.0
POLYCAB,9500.0,0.0,0.0,0.0,1.0,0.0,0.0
POLYCAB,9600.0,0.0,0.0,0.0,1.0,0.0,0.0
POWERGRID,0.0,0.0,0.0,0.0,0.0,20.0,1.0
POWERGRID,250.0,0.0,0.0,2.0,0.0,0.0,0.0
POWERGRID,255.0,0.0,1.0,1.0,0.0,0.0,0.0
POWERGRID,260.0,1.0,1.0,1.0,0.0,0.0,0.0
POWERGRID,265.0,1.0,1.0,0.0,2.0,0.0,0.0
POWERGRID,267.5,1.0,0.0,0.0,0.0,0.0,0.0
POWERGRID,270.0,3.0,2.0,0.0,3.0,0.0,0.0
POWERGRID,272.5,1.0,0.0,0.0,0.0,0.0,0.0
POWERGRID,275.0,1.0,0.0,0.0,1.0,0.0,0.0
POWERGRID,280.0,4.0,1.0,0.0,0.0,0.0,0.0
POWERGRID,285.0,1.0,0.0,0.0,0.0,0.0,0.0
POWERGRID,290.0,1.0,0.0,0.0,2.0,0.0,0.0
POWERGRID,300.0,0.0,0.0,0.0,3.0,0.0,0.0
POWERGRID,310.0,0.0,0.0,0.0,1.0,0.0,0.0
POWERINDIA,0.0,0.0,0.0,0.0,0.0,12.0,4.0
POWERINDIA,32000.0,2.0,0.0,0.0,0.0,0.0,0.0
POWERINDIA,33000.0,6.0,0.0,0.0,0.0,0.0,0.0
POWERINDIA,34000.0,4.0,0.0,0.0,0.0,0.0,0.0
POWERINDIA,34500.0,2.0,0.0,0.0,0.0,0.0,0.0
POWERINDIA,35000.0,3.0,1.0,0.0,0.0,0.0,0.0
POWERINDIA,36000.0,2.0,1.0,0.0,0.0,0.0,0.0
POWERINDIA,37000.0,0.0,0.0,0.0,1.0,0.0,0.0
POWERINDIA,39000.0,0.0,3.0,0.0,0.0,0.0,0.0
POWERINDIA,40000.0,1.0,1.0,0.0,0.0,0.0,0.0
PREMIERENE,0.0,0.0,0.0,0.0,0.0,7.0,0.0
PREMIERENE,840.0,0.0,0.0,0.0,1.0,0.0,0.0
PREMIERENE,1000.0,0.0,0.0,0.0,1.0,0.0,0.0
PREMIERENE,1020.0,2.0,0.0,0.0,0.0,0.0,0.0
PREMIERENE,1060.0,2.0,0.0,0.0,0.0,0.0,0.0
PREMIERENE,1080.0,0.0,1.0,0.0,0.0,0.0,0.0
PREMIERENE,1120.0,2.0,0.0,0.0,0.0,0.0,0.0
PRESTIGE,0.0,0.0,0.0,0.0,0.0,6.0,1.0
PRESTIGE,1400.0,0.0,1.0,0.0,0.0,0.0,0.0
PRESTIGE,1440.0,0.0,0.0,0.0,1.0,0.0,0.0
PRESTIGE,1500.0,0.0,0.0,0.0,1.0,0.0,0.0
PRESTIGE,1540.0,0.0,0.0,0.0,1.0,0.0,0.0
PRESTIGE,1600.0,0.0,0.0,0.0,1.0,0.0,0.0
PRESTIGE,1640.0,1.0,1.0,0.0,0.0,0.0,0.0
PRESTIGE,1660.0,1.0,0.0,0.0,0.0,0.0,0.0
PRESTIGE,1700.0,0.0,1.0,0.0,1.0,0.0,0.0
RADICO,0.0,0.0,0.0,0.0,0.0,4.0,2.0
RADICO,4500.0,0.0,1.0,0.0,0.0,0.0,0.0
RADICO,5000.0,1.0,0.0,0.0,0.0,0.0,0.0
RBLBANK,0.0,0.0,0.0,0.0,0.0,10.0,4.0
RBLBANK,370.0,0.0,1.0,1.0,1.0,0.0,0.0
RBLBANK,380.0,1.0,0.0,0.0,0.0,0.0,0.0
RBLBANK,385.0,1.0,0.0,0.0,0.0,0.0,0.0
RBLBANK,395.0,0.0,0.0,2.0,1.0,0.0,0.0
RBLBANK,400.0,0.0,1.0,1.0,0.0,0.0,0.0
RBLBANK,410.0,2.0,0.0,0.0,0.0,0.0,0.0
RBLBANK,420.0,0.0,0.0,0.0,1.0,0.0,0.0
RBLBANK,450.0,1.0,0.0,0.0,0.0,0.0,0.0
RECLTD,0.0,0.0,0.0,0.0,0.0,63.0,1.0
RECLTD,280.0,0.0,0.0,0.0,1.0,0.0,0.0
RECLTD,290.0,0.0,0.0,1.0,0.0,0.0,0.0
RECLTD,295.0,0.0,0.0,1.0,0.0,0.0,0.0
RECLTD,310.0,0.0,2.0,1.0,1.0,0.0,0.0
RECLTD,315.0,1.0,0.0,0.0,0.0,0.0,0.0
RECLTD,320.0,5.0,1.0,1.0,3.0,0.0,0.0
RECLTD,325.0,0.0,0.0,0.0,1.0,0.0,0.0
RECLTD,330.0,4.0,0.0,1.0,2.0,0.0,0.0
RECLTD,335.0,1.0,0.0,0.0,0.0,0.0,0.0
RECLTD,340.0,3.0,0.0,0.0,1.0,0.0,0.0
RECLTD,345.0,0.0,1.0,0.0,1.0,0.0,0.0
RECLTD,350.0,3.0,2.0,0.0,0.0,0.0,0.0
RECLTD,360.0,0.0,2.0,0.0,0.0,0.0,0.0
RECLTD,370.0,1.0,0.0,0.0,0.0,0.0,0.0
RECLTD,380.0,0.0,0.0,0.0,2.0,0.0,0.0
RECLTD,405.0,0.0,0.0,0.0,1.0,0.0,0.0
RELIANCE,0.0,0.0,0.0,0.0,0.0,174.0,3.0
RELIANCE,1180.0,0.0,0.0,2.0,1.0,0.0,0.0
RELIANCE,1200.0,1.0,0.0,1.0,4.0,0.0,0.0
RELIANCE,1210.0,0.0,0.0,1.0,3.0,0.0,0.0
RELIANCE,1220.0,0.0,0.0,0.0,2.0,0.0,0.0
RELIANCE,1230.0,0.0,0.0,0.0,3.0,0.0,0.0
RELIANCE,1240.0,0.0,0.0,0.0,4.0,0.0,0.0
RELIANCE,1250.0,1.0,0.0,1.0,7.0,0.0,0.0
RELIANCE,1260.0,0.0,0.0,7.0,5.0,0.0,0.0
RELIANCE,1270.0,0.0,0.0,3.0,7.0,0.0,0.0
RELIANCE,1280.0,0.0,0.0,6.0,11.0,0.0,0.0
RELIANCE,1290.0,2.0,1.0,2.0,4.0,0.0,0.0
RELIANCE,1300.0,10.0,7.0,3.0,19.0,0.0,0.0
RELIANCE,1310.0,5.0,1.0,1.0,6.0,0.0,0.0
RELIANCE,1320.0,8.0,7.0,1.0,4.0,0.0,0.0
RELIANCE,1330.0,7.0,3.0,0.0,1.0,0.0,0.0
RELIANCE,1340.0,5.0,3.0,0.0,3.0,0.0,0.0
RELIANCE,1350.0,8.0,7.0,0.0,6.0,0.0,0.0
RELIANCE,1360.0,0.0,1.0,0.0,3.0,0.0,0.0
RELIANCE,1370.0,1.0,7.0,0.0,1.0,0.0,0.0
RELIANCE,1380.0,1.0,7.0,0.0,3.0,0.0,0.0
RELIANCE,1390.0,2.0,2.0,0.0,1.0,0.0,0.0
RELIANCE,1400.0,21.0,18.0,0.0,13.0,0.0,0.0
RELIANCE,1410.0,0.0,6.0,0.0,0.0,0.0,0.0
RELIANCE,1420.0,4.0,6.0,0.0,0.0,0.0,0.0
RELIANCE,1430.0,0.0,1.0,0.0,1.0,0.0,0.0
RELIANCE,1440.0,1.0,1.0,0.0,4.0,0.0,0.0
RELIANCE,1450.0,0.0,2.0,0.0,0.0,0.0,0.0
RELIANCE,1460.0,0.0,1.0,0.0,3.0,0.0,0.0
RELIANCE,1480.0,0.0,2.0,0.0,0.0,0.0,0.0
RELIANCE,1500.0,0.0,0.0,0.0,3.0,0.0,0.0
RELIANCE,1520.0,0.0,0.0,0.0,1.0,0.0,0.0
RELIANCE,1540.0,0.0,0.0,0.0,2.0,0.0,0.0
RVNL,0.0,0.0,0.0,0.0,0.0,67.0,1.0
RVNL,190.0,0.0,0.0,0.0,1.0,0.0,0.0
RVNL,195.0,0.0,0.0,1.0,0.0,0.0,0.0
RVNL,200.0,0.0,0.0,1.0,1.0,0.0,0.0
RVNL,210.0,2.0,0.0,0.0,0.0,0.0,0.0
RVNL,215.0,1.0,0.0,0.0,0.0,0.0,0.0
RVNL,220.0,3.0,1.0,1.0,0.0,0.0,0.0
RVNL,225.0,2.0,11.0,0.0,0.0,0.0,0.0
RVNL,230.0,2.0,2.0,0.0,1.0,0.0,0.0
RVNL,235.0,1.0,0.0,0.0,0.0,0.0,0.0
RVNL,240.0,2.0,1.0,0.0,3.0,0.0,0.0
RVNL,250.0,0.0,1.0,0.0,0.0,0.0,0.0
RVNL,260.0,0.0,1.0,0.0,3.0,0.0,0.0
SAGILITY,0.0,0.0,0.0,0.0,0.0,8.0,0.0
SAGILITY,40.0,0.0,0.0,1.0,0.0,0.0,0.0
SAGILITY,42.0,0.0,0.0,1.0,1.0,0.0,0.0
SAGILITY,43.0,0.0,0.0,1.0,0.0,0.0,0.0
SAGILITY,44.0,1.0,0.0,0.0,0.0,0.0,0.0
SAGILITY,45.0,0.0,0.0,0.0,1.0,0.0,0.0
SAGILITY,48.0,2.0,1.0,0.0,0.0,0.0,0.0
SAGILITY,50.0,5.0,1.0,0.0,0.0,0.0,0.0
SAGILITY,51.0,1.0,0.0,0.0,0.0,0.0,0.0
SAGILITY,52.0,1.0,1.0,0.0,0.0,0.0,0.0
SAIL,0.0,0.0,0.0,0.0,0.0,13.0,0.0
SAIL,180.0,0.0,1.0,0.0,0.0,0.0,0.0
SAIL,185.0,0.0,1.0,0.0,0.0,0.0,0.0
SAIL,190.0,0.0,0.0,1.0,0.0,0.0,0.0
SAIL,200.0,1.0,1.0,0.0,0.0,0.0,0.0
SAIL,210.0,1.0,1.0,0.0,0.0,0.0,0.0
SBICARD,0.0,0.0,0.0,0.0,0.0,14.0,0.0
SBICARD,580.0,0.0,0.0,0.0,1.0,0.0,0.0
SBICARD,600.0,0.0,0.0,0.0,1.0,0.0,0.0
SBICARD,640.0,0.0,0.0,0.0,1.0,0.0,0.0
SBICARD,650.0,1.0,0.0,0.0,1.0,0.0,0.0
SBICARD,670.0,1.0,2.0,1.0,0.0,0.0,0.0
SBICARD,680.0,0.0,3.0,0.0,1.0,0.0,0.0
SBICARD,690.0,1.0,0.0,0.0,1.0,0.0,0.0
SBICARD,700.0,0.0,3.0,0.0,1.0,0.0,0.0
SBICARD,720.0,0.0,1.0,0.0,1.0,0.0,0.0
SBILIFE,0.0,0.0,0.0,0.0,0.0,13.0,6.0
SBILIFE,1680.0,0.0,0.0,0.0,1.0,0.0,0.0
SBILIFE,1740.0,1.0,1.0,0.0,0.0,0.0,0.0
SBILIFE,1760.0,1.0,0.0,0.0,0.0,0.0,0.0
SBILIFE,1780.0,2.0,1.0,0.0,0.0,0.0,0.0
SBILIFE,1800.0,4.0,3.0,0.0,0.0,0.0,0.0
SBILIFE,1900.0,0.0,1.0,0.0,0.0,0.0,0.0
SBIN,0.0,0.0,0.0,0.0,0.0,104.0,1.0
SBIN,900.0,1.0,0.0,0.0,0.0,0.0,0.0
SBIN,950.0,0.0,4.0,2.0,0.0,0.0,0.0
SBIN,960.0,0.0,1.0,2.0,0.0,0.0,0.0
SBIN,970.0,0.0,0.0,4.0,0.0,0.0,0.0
SBIN,980.0,0.0,2.0,4.0,0.0,0.0,0.0
SBIN,1000.0,3.0,1.0,5.0,7.0,0.0,0.0
SBIN,1020.0,3.0,0.0,1.0,3.0,0.0,0.0
SBIN,1030.0,11.0,2.0,1.0,3.0,0.0,0.0
SBIN,1040.0,3.0,3.0,1.0,2.0,0.0,0.0
SBIN,1050.0,14.0,4.0,1.0,4.0,0.0,0.0
SBIN,1060.0,8.0,3.0,0.0,2.0,0.0,0.0
SBIN,1070.0,1.0,5.0,0.0,0.0,0.0,0.0
SBIN,1080.0,6.0,4.0,0.0,1.0,0.0,0.0
SBIN,1090.0,1.0,1.0,0.0,0.0,0.0,0.0
SBIN,1100.0,14.0,14.0,0.0,2.0,0.0,0.0
SBIN,1110.0,0.0,3.0,0.0,0.0,0.0,0.0
SBIN,1120.0,4.0,6.0,0.0,2.0,0.0,0.0
SBIN,1130.0,2.0,3.0,0.0,5.0,0.0,0.0
SBIN,1140.0,4.0,6.0,0.0,0.0,0.0,0.0
SBIN,1150.0,1.0,5.0,0.0,4.0,0.0,0.0
SBIN,1160.0,0.0,8.0,0.0,0.0,0.0,0.0
SBIN,1180.0,0.0,1.0,0.0,0.0,0.0,0.0
SBIN,1200.0,2.0,1.0,0.0,1.0,0.0,0.0
SENSEX,0.0,0.0,0.0,0.0,0.0,7.0,0.0
SENSEX,72000.0,0.0,0.0,93.0,0.0,0.0,0.0
SENSEX,73600.0,0.0,0.0,1.0,0.0,0.0,0.0
SENSEX,74000.0,0.0,0.0,0.0,2.0,0.0,0.0
SENSEX,74100.0,0.0,0.0,1.0,0.0,0.0,0.0
SENSEX,74200.0,0.0,0.0,0.0,1.0,0.0,0.0
SENSEX,75000.0,0.0,0.0,3.0,27.0,0.0,0.0
SENSEX,75200.0,0.0,0.0,2.0,0.0,0.0,0.0
SENSEX,75400.0,0.0,0.0,1.0,0.0,0.0,0.0
SENSEX,75500.0,0.0,0.0,0.0,2.0,0.0,0.0
SENSEX,75700.0,0.0,0.0,1.0,0.0,0.0,0.0
SENSEX,75800.0,0.0,0.0,1.0,0.0,0.0,0.0
SENSEX,75900.0,2.0,0.0,0.0,0.0,0.0,0.0
SENSEX,76000.0,0.0,1.0,1.0,3.0,0.0,0.0
SENSEX,76100.0,2.0,0.0,0.0,1.0,0.0,0.0
SENSEX,76200.0,6.0,1.0,1.0,0.0,0.0,0.0
SENSEX,76300.0,2.0,134.0,7.0,0.0,0.0,0.0
SENSEX,76400.0,6.0,137.0,0.0,2.0,0.0,0.0
SENSEX,76500.0,16.0,3.0,4.0,1.0,0.0,0.0
SENSEX,76600.0,1.0,135.0,0.0,1.0,0.0,0.0
SENSEX,76700.0,4.0,138.0,1.0,1.0,0.0,0.0
SENSEX,76800.0,7.0,2.0,2.0,1.0,0.0,0.0
SENSEX,76900.0,1.0,0.0,0.0,0.0,0.0,0.0
SENSEX,77000.0,9.0,2.0,1.0,3.0,0.0,0.0
SENSEX,77100.0,0.0,2.0,1.0,0.0,0.0,0.0
SENSEX,77200.0,4.0,1.0,0.0,0.0,0.0,0.0
SENSEX,77300.0,3.0,0.0,0.0,0.0,0.0,0.0
SENSEX,77400.0,0.0,1.0,0.0,0.0,0.0,0.0
SENSEX,77500.0,3.0,4.0,0.0,3.0,0.0,0.0
SENSEX,77600.0,4.0,1.0,0.0,1.0,0.0,0.0
SENSEX,77700.0,2.0,2.0,0.0,0.0,0.0,0.0
SENSEX,77800.0,2.0,26.0,0.0,1.0,0.0,0.0
SENSEX,77900.0,1.0,25.0,0.0,0.0,0.0,0.0
SENSEX,78000.0,3.0,7.0,0.0,3.0,0.0,0.0
SENSEX,78200.0,0.0,1.0,0.0,0.0,0.0,0.0
SENSEX,78300.0,1.0,0.0,0.0,0.0,0.0,0.0
SENSEX,78500.0,3.0,2.0,0.0,0.0,0.0,0.0
SENSEX,78800.0,4.0,0.0,0.0,0.0,0.0,0.0
SENSEX,79000.0,3.0,2.0,0.0,0.0,0.0,0.0
SENSEX,79100.0,1.0,0.0,0.0,0.0,0.0,0.0
SENSEX,80000.0,2.0,0.0,0.0,0.0,0.0,0.0
SENSEX,80500.0,90.0,0.0,0.0,0.0,0.0,0.0
SENSEX,81000.0,2.0,0.0,0.0,0.0,0.0,0.0
SENSEX,81500.0,1.0,0.0,0.0,0.0,0.0,0.0
SHREECEM,0.0,0.0,0.0,0.0,0.0,6.0,0.0
SHREECEM,25000.0,2.0,0.0,0.0,0.0,0.0,0.0
SHREECEM,25500.0,1.0,0.0,0.0,0.0,0.0,0.0
SHREECEM,26000.0,0.0,0.0,0.0,2.0,0.0,0.0
SHRIRAMFIN,0.0,0.0,0.0,0.0,0.0,29.0,3.0
SHRIRAMFIN,1000.0,1.0,0.0,0.0,1.0,0.0,0.0
SHRIRAMFIN,1020.0,0.0,1.0,0.0,0.0,0.0,0.0
SHRIRAMFIN,1040.0,0.0,2.0,1.0,1.0,0.0,0.0
SHRIRAMFIN,1060.0,3.0,2.0,0.0,1.0,0.0,0.0
SHRIRAMFIN,1080.0,2.0,0.0,0.0,1.0,0.0,0.0
SHRIRAMFIN,1100.0,3.0,3.0,0.0,2.0,0.0,0.0
SHRIRAMFIN,1120.0,0.0,1.0,0.0,0.0,0.0,0.0
SHRIRAMFIN,1140.0,1.0,3.0,0.0,1.0,0.0,0.0
SHRIRAMFIN,1160.0,1.0,3.0,0.0,1.0,0.0,0.0
SHRIRAMFIN,1180.0,0.0,2.0,0.0,0.0,0.0,0.0
SHRIRAMFIN,1200.0,3.0,5.0,0.0,0.0,0.0,0.0
SHRIRAMFIN,1220.0,1.0,0.0,0.0,0.0,0.0,0.0
SHRIRAMFIN,1240.0,0.0,1.0,0.0,0.0,0.0,0.0
SHRIRAMFIN,1280.0,0.0,1.0,0.0,0.0,0.0,0.0
SIEMENS,0.0,0.0,0.0,0.0,0.0,7.0,0.0
SIEMENS,3500.0,0.0,1.0,0.0,0.0,0.0,0.0
SIEMENS,3700.0,0.0,1.0,0.0,0.0,0.0,0.0
SIEMENS,3850.0,0.0,0.0,0.0,1.0,0.0,0.0
SIEMENS,4000.0,1.0,1.0,0.0,0.0,0.0,0.0
SIEMENS,4050.0,1.0,0.0,0.0,0.0,0.0,0.0
SIEMENS,4100.0,1.0,0.0,0.0,0.0,0.0,0.0
SIEMENS,4150.0,1.0,0.0,0.0,0.0,0.0,0.0
SIEMENS,4200.0,4.0,0.0,0.0,0.0,0.0,0.0
SIEMENS,4300.0,2.0,0.0,0.0,0.0,0.0,0.0
SIEMENS,4400.0,1.0,0.0,0.0,0.0,0.0,0.0
SIEMENS,4500.0,2.0,1.0,0.0,0.0,0.0,0.0
SIEMENS,4600.0,1.0,0.0,0.0,0.0,0.0,0.0
SOLARINDS,0.0,0.0,0.0,0.0,0.0,9.0,10.0
SOLARINDS,17500.0,0.0,1.0,0.0,0.0,0.0,0.0
SOLARINDS,18750.0,0.0,0.0,1.0,0.0,0.0,0.0
SOLARINDS,19000.0,0.0,1.0,0.0,0.0,0.0,0.0
SOLARINDS,20000.0,1.0,0.0,1.0,0.0,0.0,0.0
SOLARINDS,20500.0,0.0,0.0,1.0,0.0,0.0,0.0
SOLARINDS,21000.0,0.0,0.0,1.0,0.0,0.0,0.0
SOLARINDS,21500.0,2.0,1.0,1.0,0.0,0.0,0.0
SOLARINDS,22000.0,3.0,0.0,1.0,0.0,0.0,0.0
SOLARINDS,23000.0,5.0,1.0,0.0,0.0,0.0,0.0
SONACOMS,0.0,0.0,0.0,0.0,0.0,8.0,2.0
SONACOMS,750.0,0.0,0.0,0.0,1.0,0.0,0.0
SONACOMS,760.0,0.0,0.0,1.0,1.0,0.0,0.0
SONACOMS,780.0,0.0,0.0,0.0,1.0,0.0,0.0
SONACOMS,800.0,0.0,0.0,0.0,1.0,0.0,0.0
SONACOMS,820.0,1.0,0.0,0.0,0.0,0.0,0.0
SONACOMS,840.0,1.0,0.0,0.0,0.0,0.0,0.0
SONACOMS,850.0,1.0,0.0,0.0,0.0,0.0,0.0
SONACOMS,900.0,1.0,1.0,0.0,0.0,0.0,0.0
SONACOMS,920.0,0.0,2.0,0.0,0.0,0.0,0.0
SRF,0.0,0.0,0.0,0.0,0.0,39.0,1.0
SRF,2400.0,0.0,0.0,1.0,0.0,0.0,0.0
SRF,2500.0,0.0,0.0,1.0,1.0,0.0,0.0
SRF,2550.0,0.0,1.0,0.0,0.0,0.0,0.0
SRF,2600.0,0.0,2.0,0.0,0.0,0.0,0.0
SRF,2650.0,1.0,0.0,0.0,0.0,0.0,0.0
SRF,2700.0,3.0,3.0,0.0,2.0,0.0,0.0
SRF,2800.0,3.0,2.0,0.0,0.0,0.0,0.0
SRF,3000.0,1.0,0.0,0.0,0.0,0.0,0.0
SUNPHARMA,0.0,0.0,0.0,0.0,0.0,17.0,0.0
SUNPHARMA,1700.0,0.0,1.0,0.0,0.0,0.0,0.0
SUNPHARMA,1900.0,1.0,1.0,0.0,2.0,0.0,0.0
SUNPHARMA,1940.0,1.0,1.0,0.0,0.0,0.0,0.0
SUNPHARMA,1960.0,2.0,0.0,0.0,1.0,0.0,0.0
SUNPHARMA,1980.0,1.0,0.0,0.0,0.0,0.0,0.0
SUNPHARMA,2000.0,1.0,1.0,0.0,0.0,0.0,0.0
SUPREMEIND,0.0,0.0,0.0,0.0,0.0,8.0,0.0
SUPREMEIND,3500.0,0.0,0.0,1.0,0.0,0.0,0.0
SUPREMEIND,3550.0,0.0,1.0,0.0,0.0,0.0,0.0
SUPREMEIND,3700.0,2.0,0.0,0.0,1.0,0.0,0.0
SUPREMEIND,3750.0,1.0,0.0,0.0,0.0,0.0,0.0
SUPREMEIND,3900.0,6.0,0.0,0.0,0.0,0.0,0.0
SUZLON,0.0,0.0,0.0,0.0,0.0,58.0,0.0
SUZLON,40.0,0.0,0.0,2.0,1.0,0.0,0.0
SUZLON,42.0,0.0,0.0,1.0,1.0,0.0,0.0
SUZLON,43.0,0.0,0.0,2.0,0.0,0.0,0.0
SUZLON,44.0,0.0,0.0,0.0,1.0,0.0,0.0
SUZLON,45.0,1.0,0.0,1.0,1.0,0.0,0.0
SUZLON,46.0,1.0,0.0,0.0,2.0,0.0,0.0
SUZLON,47.0,3.0,1.0,0.0,0.0,0.0,0.0
SUZLON,48.0,7.0,1.0,0.0,0.0,0.0,0.0
SUZLON,49.0,1.0,0.0,0.0,0.0,0.0,0.0
SUZLON,50.0,3.0,2.0,0.0,0.0,0.0,0.0
SUZLON,51.0,3.0,0.0,0.0,0.0,0.0,0.0
SUZLON,52.0,2.0,0.0,0.0,0.0,0.0,0.0
SUZLON,53.0,0.0,1.0,0.0,0.0,0.0,0.0
SUZLON,54.0,3.0,0.0,0.0,0.0,0.0,0.0
SUZLON,55.0,0.0,0.0,0.0,2.0,0.0,0.0
SUZLON,56.0,0.0,1.0,0.0,0.0,0.0,0.0
SUZLON,60.0,1.0,1.0,0.0,0.0,0.0,0.0
SWIGGY,0.0,0.0,0.0,0.0,0.0,32.0,4.0
SWIGGY,230.0,0.0,0.0,0.0,1.0,0.0,0.0
SWIGGY,260.0,0.0,0.0,1.0,0.0,0.0,0.0
SWIGGY,265.0,0.0,2.0,0.0,0.0,0.0,0.0
SWIGGY,270.0,0.0,1.0,0.0,0.0,0.0,0.0
SWIGGY,280.0,1.0,0.0,0.0,1.0,0.0,0.0
SWIGGY,285.0,0.0,2.0,2.0,0.0,0.0,0.0
SWIGGY,290.0,3.0,1.0,1.0,1.0,0.0,0.0
SWIGGY,295.0,10.0,0.0,0.0,0.0,0.0,0.0
SWIGGY,300.0,4.0,2.0,0.0,3.0,0.0,0.0
SWIGGY,310.0,2.0,0.0,0.0,0.0,0.0,0.0
TATACONSUM,0.0,0.0,0.0,0.0,0.0,12.0,0.0
TATACONSUM,980.0,0.0,0.0,0.0,1.0,0.0,0.0
TATACONSUM,1030.0,3.0,0.0,0.0,1.0,0.0,0.0
TATACONSUM,1040.0,2.0,0.0,0.0,0.0,0.0,0.0
TATACONSUM,1050.0,2.0,0.0,0.0,0.0,0.0,0.0
TATACONSUM,1060.0,0.0,1.0,0.0,0.0,0.0,0.0
TATACONSUM,1080.0,0.0,1.0,0.0,0.0,0.0,0.0
TATACONSUM,1200.0,2.0,0.0,0.0,1.0,0.0,0.0
TATAELXSI,0.0,0.0,0.0,0.0,0.0,22.0,0.0
TATAELXSI,3000.0,0.0,0.0,0.0,1.0,0.0,0.0
TATAELXSI,3400.0,2.0,0.0,0.0,0.0,0.0,0.0
TATAELXSI,3500.0,0.0,0.0,0.0,1.0,0.0,0.0
TATAELXSI,3600.0,0.0,1.0,0.0,0.0,0.0,0.0
TATAELXSI,3650.0,0.0,1.0,0.0,1.0,0.0,0.0
TATAELXSI,3700.0,3.0,0.0,1.0,0.0,0.0,0.0
TATAELXSI,3800.0,4.0,1.0,0.0,1.0,0.0,0.0
TATAELXSI,3900.0,1.0,0.0,0.0,0.0,0.0,0.0
TATAELXSI,3950.0,1.0,0.0,0.0,0.0,0.0,0.0
TATAELXSI,4000.0,2.0,1.0,0.0,0.0,0.0,0.0
TATAELXSI,4200.0,1.0,0.0,0.0,0.0,0.0,0.0
TATAPOWER,0.0,0.0,0.0,0.0,0.0,48.0,0.0
TATAPOWER,310.0,0.0,0.0,0.0,1.0,0.0,0.0
TATAPOWER,330.0,0.0,0.0,2.0,0.0,0.0,0.0
TATAPOWER,335.0,0.0,0.0,1.0,0.0,0.0,0.0
TATAPOWER,340.0,0.0,0.0,1.0,0.0,0.0,0.0
TATAPOWER,350.0,1.0,2.0,1.0,1.0,0.0,0.0
TATAPOWER,360.0,0.0,4.0,2.0,4.0,0.0,0.0
TATAPOWER,365.0,0.0,0.0,1.0,0.0,0.0,0.0
TATAPOWER,370.0,2.0,3.0,0.0,4.0,0.0,0.0
TATAPOWER,375.0,0.0,2.0,0.0,1.0,0.0,0.0
TATAPOWER,380.0,5.0,1.0,0.0,1.0,0.0,0.0
TATAPOWER,385.0,0.0,2.0,0.0,0.0,0.0,0.0
TATAPOWER,390.0,1.0,0.0,0.0,0.0,0.0,0.0
TATAPOWER,400.0,2.0,2.0,0.0,0.0,0.0,0.0
TATAPOWER,410.0,1.0,2.0,0.0,0.0,0.0,0.0
TATAPOWER,440.0,0.0,0.0,0.0,1.0,0.0,0.0
TATASTEEL,0.0,0.0,0.0,0.0,0.0,58.0,5.0
TATASTEEL,160.0,0.0,0.0,1.0,0.0,0.0,0.0
TATASTEEL,165.0,0.0,0.0,1.0,0.0,0.0,0.0
TATASTEEL,172.5,0.0,0.0,1.0,0.0,0.0,0.0
TATASTEEL,175.0,0.0,1.0,1.0,1.0,0.0,0.0
TATASTEEL,180.0,2.0,3.0,2.0,1.0,0.0,0.0
TATASTEEL,185.0,5.0,1.0,2.0,2.0,0.0,0.0
TATASTEEL,187.5,5.0,0.0,0.0,0.0,0.0,0.0
TATASTEEL,190.0,19.0,3.0,0.0,1.0,0.0,0.0
TATASTEEL,192.5,2.0,0.0,0.0,0.0,0.0,0.0
TATASTEEL,195.0,4.0,0.0,0.0,0.0,0.0,0.0
TATASTEEL,200.0,10.0,4.0,0.0,3.0,0.0,0.0
TATASTEEL,205.0,1.0,1.0,0.0,2.0,0.0,0.0
TATASTEEL,210.0,0.0,3.0,0.0,2.0,0.0,0.0
TATASTEEL,215.0,0.0,0.0,0.0,1.0,0.0,0.0
TATASTEEL,220.0,0.0,0.0,0.0,3.0,0.0,0.0
TATASTEEL,225.0,1.0,0.0,0.0,0.0,0.0,0.0
TCS,0.0,0.0,0.0,0.0,0.0,93.0,2.0
TCS,1920.0,0.0,0.0,1.0,0.0,0.0,0.0
TCS,2000.0,0.0,0.0,2.0,2.0,0.0,0.0
TCS,2100.0,0.0,1.0,0.0,1.0,0.0,0.0
TCS,2160.0,0.0,0.0,0.0,1.0,0.0,0.0
TCS,2200.0,0.0,0.0,0.0,3.0,0.0,0.0
TCS,2240.0,1.0,1.0,0.0,2.0,0.0,0.0
TCS,2300.0,3.0,1.0,1.0,3.0,0.0,0.0
TCS,2320.0,0.0,10.0,2.0,1.0,0.0,0.0
TCS,2340.0,2.0,2.0,1.0,1.0,0.0,0.0
TCS,2360.0,13.0,1.0,1.0,0.0,0.0,0.0
TCS,2380.0,1.0,1.0,0.0,0.0,0.0,0.0
TCS,2400.0,6.0,3.0,0.0,0.0,0.0,0.0
TCS,2440.0,0.0,1.0,0.0,0.0,0.0,0.0
TCS,2460.0,1.0,0.0,0.0,0.0,0.0,0.0
TCS,2480.0,0.0,1.0,0.0,0.0,0.0,0.0
TCS,2500.0,5.0,4.0,0.0,0.0,0.0,0.0
TCS,2520.0,1.0,3.0,0.0,0.0,0.0,0.0
TCS,2540.0,0.0,1.0,0.0,0.0,0.0,0.0
TCS,2560.0,0.0,3.0,0.0,0.0,0.0,0.0
TCS,2600.0,1.0,4.0,0.0,2.0,0.0,0.0
TCS,2800.0,0.0,0.0,0.0,1.0,0.0,0.0
TECHM,0.0,0.0,0.0,0.0,0.0,12.0,1.0
TECHM,1400.0,0.0,0.0,1.0,0.0,0.0,0.0
TECHM,1500.0,0.0,1.0,0.0,0.0,0.0,0.0
TECHM,1520.0,0.0,1.0,0.0,0.0,0.0,0.0
TECHM,1560.0,0.0,1.0,0.0,0.0,0.0,0.0
TECHM,1580.0,0.0,1.0,1.0,1.0,0.0,0.0
TECHM,1600.0,0.0,1.0,0.0,2.0,0.0,0.0
TECHM,1620.0,1.0,9.0,0.0,0.0,0.0,0.0
TECHM,1640.0,0.0,1.0,0.0,0.0,0.0,0.0
TECHM,1700.0,1.0,0.0,0.0,1.0,0.0,0.0
TECHM,1720.0,0.0,1.0,0.0,0.0,0.0,0.0
TECHM,1760.0,0.0,1.0,0.0,0.0,0.0,0.0
TECHM,1780.0,0.0,1.0,0.0,0.0,0.0,0.0
TECHM,1800.0,1.0,1.0,0.0,0.0,0.0,0.0
TIINDIA,0.0,0.0,0.0,0.0,0.0,4.0,2.0
TIINDIA,2800.0,1.0,0.0,0.0,0.0,0.0,0.0
TIINDIA,2900.0,0.0,1.0,0.0,0.0,0.0,0.0
TIINDIA,3000.0,3.0,0.0,0.0,0.0,0.0,0.0
TIINDIA,3300.0,0.0,0.0,0.0,1.0,0.0,0.0
TITAN,0.0,0.0,0.0,0.0,0.0,7.0,6.0
TITAN,4500.0,0.0,1.0,0.0,0.0,0.0,0.0
TITAN,4900.0,0.0,0.0,0.0,1.0,0.0,0.0
TITAN,4950.0,0.0,1.0,0.0,0.0,0.0,0.0
TITAN,5050.0,1.0,0.0,0.0,0.0,0.0,0.0
TITAN,5100.0,1.0,0.0,0.0,1.0,0.0,0.0
TITAN,5150.0,1.0,0.0,0.0,0.0,0.0,0.0
TITAN,5200.0,1.0,0.0,0.0,0.0,0.0,0.0
TITAN,5500.0,3.0,1.0,0.0,0.0,0.0,0.0
TITAN,5550.0,1.0,0.0,0.0,0.0,0.0,0.0
TMPV,0.0,0.0,0.0,0.0,0.0,94.0,2.0
TMPV,270.0,0.0,0.0,2.0,0.0,0.0,0.0
TMPV,280.0,0.0,0.0,1.0,2.0,0.0,0.0
TMPV,285.0,0.0,0.0,0.0,3.0,0.0,0.0
TMPV,295.0,0.0,0.0,1.0,0.0,0.0,0.0
TMPV,300.0,2.0,0.0,1.0,1.0,0.0,0.0
TMPV,305.0,0.0,0.0,0.0,1.0,0.0,0.0
TMPV,310.0,2.0,1.0,3.0,2.0,0.0,0.0
TMPV,315.0,5.0,0.0,0.0,1.0,0.0,0.0
TMPV,320.0,5.0,2.0,0.0,4.0,0.0,0.0
TMPV,325.0,1.0,1.0,0.0,1.0,0.0,0.0
TMPV,330.0,4.0,0.0,0.0,6.0,0.0,0.0
TMPV,335.0,1.0,0.0,0.0,8.0,0.0,0.0
TMPV,340.0,0.0,1.0,0.0,0.0,0.0,0.0
TMPV,345.0,0.0,2.0,0.0,0.0,0.0,0.0
TMPV,350.0,3.0,5.0,0.0,3.0,0.0,0.0
TMPV,355.0,0.0,2.0,0.0,0.0,0.0,0.0
TMPV,360.0,1.0,5.0,0.0,3.0,0.0,0.0
TMPV,365.0,0.0,1.0,0.0,0.0,0.0,0.0
TMPV,370.0,0.0,3.0,0.0,0.0,0.0,0.0
TMPV,380.0,2.0,3.0,0.0,1.0,0.0,0.0
TMPV,390.0,0.0,2.0,0.0,0.0,0.0,0.0
TMPV,400.0,0.0,2.0,0.0,2.0,0.0,0.0
TORNTPHARM,0.0,0.0,0.0,0.0,0.0,5.0,1.0
TORNTPHARM,4800.0,0.0,0.0,0.0,1.0,0.0,0.0
TORNTPHARM,5000.0,2.0,0.0,0.0,0.0,0.0,0.0
TORNTPHARM,5200.0,2.0,0.0,0.0,0.0,0.0,0.0
TORNTPHARM,5400.0,0.0,1.0,0.0,0.0,0.0,0.0
TRENT,0.0,0.0,0.0,0.0,0.0,42.0,0.0
TRENT,2800.0,1.0,0.0,0.0,2.0,0.0,0.0
TRENT,2850.0,1.0,0.0,0.0,1.0,0.0,0.0
TRENT,2900.0,3.0,2.0,1.0,7.0,0.0,0.0
TRENT,2950.0,2.0,2.0,0.0,0.0,0.0,0.0
TRENT,3000.0,3.0,2.0,0.0,1.0,0.0,0.0
TRENT,3050.0,1.0,1.0,0.0,1.0,0.0,0.0
TRENT,3100.0,1.0,0.0,0.0,1.0,0.0,0.0
TRENT,3200.0,2.0,2.0,0.0,0.0,0.0,0.0
TRENT,3400.0,0.0,0.0,0.0,1.0,0.0,0.0
TVSMOTOR,0.0,0.0,0.0,0.0,0.0,21.0,4.0
TVSMOTOR,3950.0,0.0,0.0,0.0,1.0,0.0,0.0
TVSMOTOR,4000.0,0.0,0.0,0.0,1.0,0.0,0.0
TVSMOTOR,4100.0,2.0,0.0,0.0,2.0,0.0,0.0
TVSMOTOR,4150.0,2.0,0.0,1.0,0.0,0.0,0.0
TVSMOTOR,4200.0,0.0,1.0,0.0,1.0,0.0,0.0
TVSMOTOR,4250.0,1.0,0.0,0.0,0.0,0.0,0.0
TVSMOTOR,4300.0,1.0,0.0,0.0,0.0,0.0,0.0
TVSMOTOR,4350.0,1.0,0.0,0.0,0.0,0.0,0.0
TVSMOTOR,4400.0,2.0,6.0,0.0,0.0,0.0,0.0
TVSMOTOR,4500.0,4.0,0.0,0.0,0.0,0.0,0.0
TVSMOTOR,4600.0,1.0,0.0,0.0,0.0,0.0,0.0
TVSMOTOR,4800.0,0.0,1.0,0.0,0.0,0.0,0.0
TVSMOTOR,5000.0,0.0,1.0,0.0,0.0,0.0,0.0
ULTRACEMCO,0.0,0.0,0.0,0.0,0.0,9.0,0.0
ULTRACEMCO,11000.0,0.0,0.0,1.0,0.0,0.0,0.0
ULTRACEMCO,11400.0,1.0,0.0,0.0,0.0,0.0,0.0
ULTRACEMCO,11500.0,1.0,0.0,0.0,0.0,0.0,0.0
ULTRACEMCO,11600.0,1.0,0.0,0.0,0.0,0.0,0.0
ULTRACEMCO,11800.0,0.0,0.0,0.0,1.0,0.0,0.0
ULTRACEMCO,12000.0,2.0,2.0,0.0,0.0,0.0,0.0
ULTRACEMCO,12500.0,2.0,0.0,0.0,0.0,0.0,0.0
UNIONBANK,0.0,0.0,0.0,0.0,0.0,17.0,2.0
UNIONBANK,165.0,0.0,0.0,1.0,0.0,0.0,0.0
UNIONBANK,170.0,0.0,1.0,0.0,0.0,0.0,0.0
UNIONBANK,180.0,0.0,0.0,1.0,2.0,0.0,0.0
UNIONBANK,185.0,0.0,0.0,0.0,1.0,0.0,0.0
UNIONBANK,187.5,1.0,0.0,0.0,0.0,0.0,0.0
UNIONBANK,190.0,3.0,1.0,0.0,1.0,0.0,0.0
UNIONBANK,192.5,0.0,1.0,0.0,0.0,0.0,0.0
UNIONBANK,200.0,2.0,2.0,0.0,0.0,0.0,0.0
UNIONBANK,205.0,0.0,1.0,0.0,0.0,0.0,0.0
UNIONBANK,210.0,0.0,2.0,0.0,0.0,0.0,0.0
UNIONBANK,215.0,0.0,1.0,0.0,0.0,0.0,0.0
UNITDSPR,0.0,0.0,0.0,0.0,0.0,4.0,1.0
UNITDSPR,1400.0,0.0,5.0,1.0,0.0,0.0,0.0
UNITDSPR,1420.0,0.0,0.0,0.0,1.0,0.0,0.0
UNITDSPR,1440.0,0.0,0.0,0.0,1.0,0.0,0.0
UNITDSPR,1460.0,1.0,0.0,0.0,1.0,0.0,0.0
UNITDSPR,1480.0,0.0,0.0,0.0,1.0,0.0,0.0
UNITDSPR,1500.0,0.0,1.0,0.0,0.0,0.0,0.0
UNITDSPR,1520.0,0.0,0.0,0.0,1.0,0.0,0.0
UNITDSPR,1540.0,1.0,0.0,0.0,1.0,0.0,0.0
UNITDSPR,1560.0,2.0,0.0,0.0,0.0,0.0,0.0
UNITDSPR,1600.0,1.0,0.0,0.0,0.0,0.0,0.0
UNOMINDA,0.0,0.0,0.0,0.0,0.0,9.0,0.0
UNOMINDA,1100.0,0.0,1.0,0.0,0.0,0.0,0.0
UNOMINDA,1180.0,0.0,0.0,1.0,0.0,0.0,0.0
UNOMINDA,1200.0,0.0,0.0,0.0,1.0,0.0,0.0
UNOMINDA,1240.0,0.0,1.0,0.0,0.0,0.0,0.0
UNOMINDA,1260.0,0.0,1.0,0.0,0.0,0.0,0.0
UNOMINDA,1280.0,1.0,0.0,0.0,0.0,0.0,0.0
UNOMINDA,1300.0,5.0,1.0,0.0,1.0,0.0,0.0
UNOMINDA,1340.0,1.0,0.0,0.0,0.0,0.0,0.0
UPL,0.0,0.0,0.0,0.0,0.0,30.0,2.0
UPL,530.0,0.0,0.0,1.0,0.0,0.0,0.0
UPL,550.0,0.0,0.0,1.0,1.0,0.0,0.0
UPL,570.0,1.0,0.0,0.0,2.0,0.0,0.0
UPL,580.0,1.0,1.0,0.0,3.0,0.0,0.0
UPL,590.0,1.0,0.0,0.0,2.0,0.0,0.0
UPL,600.0,1.0,3.0,0.0,1.0,0.0,0.0
UPL,610.0,0.0,1.0,0.0,0.0,0.0,0.0
UPL,620.0,3.0,0.0,0.0,1.0,0.0,0.0
UPL,630.0,1.0,0.0,0.0,0.0,0.0,0.0
UPL,680.0,0.0,1.0,0.0,0.0,0.0,0.0
VBL,0.0,0.0,0.0,0.0,0.0,40.0,0.0
VBL,380.0,0.0,0.0,1.0,2.0,0.0,0.0
VBL,400.0,0.0,0.0,0.0,1.0,0.0,0.0
VBL,410.0,0.0,1.0,0.0,1.0,0.0,0.0
VBL,420.0,2.0,1.0,1.0,3.0,0.0,0.0
VBL,430.0,9.0,3.0,0.0,0.0,0.0,0.0
VBL,440.0,4.0,0.0,0.0,1.0,0.0,0.0
VBL,450.0,5.0,0.0,0.0,0.0,0.0,0.0
VBL,460.0,4.0,0.0,0.0,1.0,0.0,0.0
VBL,470.0,0.0,1.0,0.0,0.0,0.0,0.0
VBL,480.0,0.0,1.0,0.0,0.0,0.0,0.0
VBL,500.0,1.0,0.0,0.0,2.0,0.0,0.0
VBL,520.0,3.0,0.0,0.0,1.0,0.0,0.0
VEDL,0.0,0.0,0.0,0.0,0.0,44.0,2.0
VEDL,265.0,0.0,0.0,0.0,1.0,0.0,0.0
VEDL,270.0,3.0,0.0,2.0,0.0,0.0,0.0
VEDL,275.0,4.0,0.0,0.0,1.0,0.0,0.0
VEDL,280.0,3.0,1.0,0.0,3.0,0.0,0.0
VEDL,285.0,2.0,0.0,0.0,0.0,0.0,0.0
VEDL,290.0,2.0,2.0,0.0,0.0,0.0,0.0
VEDL,295.0,0.0,0.0,0.0,1.0,0.0,0.0
VEDL,300.0,18.0,0.0,0.0,1.0,0.0,0.0
VEDL,310.0,1.0,2.0,0.0,0.0,0.0,0.0
VEDL,320.0,1.0,1.0,0.0,0.0,0.0,0.0
VEDL,330.0,1.0,1.0,0.0,0.0,0.0,0.0
VEDL,340.0,0.0,1.0,0.0,0.0,0.0,0.0
VMM,0.0,0.0,0.0,0.0,0.0,14.0,0.0
VMM,90.0,0.0,0.0,0.0,1.0,0.0,0.0
VMM,97.5,0.0,0.0,0.0,1.0,0.0,0.0
VMM,100.0,0.0,0.0,2.0,0.0,0.0,0.0
VMM,110.0,3.0,0.0,0.0,0.0,0.0,0.0
VMM,112.5,1.0,0.0,0.0,0.0,0.0,0.0
VMM,115.0,1.0,0.0,0.0,0.0,0.0,0.0
VMM,117.5,1.0,0.0,0.0,0.0,0.0,0.0
VMM,120.0,2.0,1.0,0.0,1.0,0.0,0.0
VMM,125.0,1.0,1.0,0.0,0.0,0.0,0.0
VMM,130.0,2.0,0.0,0.0,0.0,0.0,0.0
VOLTAS,0.0,0.0,0.0,0.0,0.0,32.0,1.0
VOLTAS,1060.0,0.0,0.0,1.0,0.0,0.0,0.0
VOLTAS,1080.0,0.0,0.0,1.0,1.0,0.0,0.0
VOLTAS,1100.0,0.0,0.0,1.0,0.0,0.0,0.0
VOLTAS,1120.0,0.0,0.0,0.0,1.0,0.0,0.0
VOLTAS,1140.0,0.0,0.0,1.0,3.0,0.0,0.0
VOLTAS,1160.0,0.0,1.0,0.0,0.0,0.0,0.0
VOLTAS,1180.0,1.0,2.0,0.0,1.0,0.0,0.0
VOLTAS,1200.0,1.0,2.0,0.0,2.0,0.0,0.0
VOLTAS,1220.0,3.0,1.0,0.0,1.0,0.0,0.0
VOLTAS,1240.0,6.0,1.0,0.0,1.0,0.0,0.0
VOLTAS,1260.0,2.0,0.0,0.0,1.0,0.0,0.0
VOLTAS,1300.0,2.0,0.0,0.0,3.0,0.0,0.0
VOLTAS,1320.0,1.0,0.0,0.0,0.0,0.0,0.0
VOLTAS,1340.0,1.0,0.0,0.0,0.0,0.0,0.0
VOLTAS,1360.0,1.0,0.0,0.0,0.0,0.0,0.0
VOLTAS,1400.0,2.0,0.0,0.0,0.0,0.0,0.0
WAAREEENER,0.0,0.0,0.0,0.0,0.0,37.0,4.0
WAAREEENER,2400.0,0.0,0.0,0.0,1.0,0.0,0.0
WAAREEENER,2600.0,0.0,0.0,0.0,2.0,0.0,0.0
WAAREEENER,2650.0,1.0,0.0,0.0,0.0,0.0,0.0
WAAREEENER,2700.0,2.0,0.0,1.0,1.0,0.0,0.0
WAAREEENER,2800.0,3.0,0.0,0.0,2.0,0.0,0.0
WAAREEENER,2850.0,1.0,0.0,0.0,0.0,0.0,0.0
WAAREEENER,3000.0,2.0,1.0,0.0,1.0,0.0,0.0
WAAREEENER,3200.0,0.0,0.0,0.0,1.0,0.0,0.0
WIPRO,0.0,0.0,0.0,0.0,0.0,87.0,1.0
WIPRO,150.0,0.0,0.0,2.0,1.0,0.0,0.0
WIPRO,160.0,0.0,0.0,3.0,2.0,0.0,0.0
WIPRO,165.0,0.0,0.0,0.0,3.0,0.0,0.0
WIPRO,167.5,0.0,0.0,0.0,1.0,0.0,0.0
WIPRO,170.0,1.0,0.0,5.0,4.0,0.0,0.0
WIPRO,172.5,0.0,0.0,0.0,2.0,0.0,0.0
WIPRO,175.0,0.0,2.0,2.0,6.0,0.0,0.0
WIPRO,177.5,0.0,0.0,1.0,1.0,0.0,0.0
WIPRO,180.0,8.0,13.0,1.0,6.0,0.0,0.0
WIPRO,182.5,0.0,0.0,0.0,1.0,0.0,0.0
WIPRO,185.0,3.0,8.0,0.0,4.0,0.0,0.0
WIPRO,190.0,3.0,9.0,0.0,3.0,0.0,0.0
WIPRO,195.0,1.0,0.0,0.0,0.0,0.0,0.0
WIPRO,197.5,1.0,0.0,0.0,0.0,0.0,0.0
WIPRO,200.0,3.0,4.0,0.0,3.0,0.0,0.0
WIPRO,205.0,0.0,0.0,0.0,2.0,0.0,0.0
YESBANK,0.0,0.0,0.0,0.0,0.0,53.0,1.0
YESBANK,20.0,0.0,0.0,3.0,0.0,0.0,0.0
YESBANK,21.0,0.0,0.0,0.0,9.0,0.0,0.0
YESBANK,22.0,1.0,0.0,1.0,4.0,0.0,0.0
YESBANK,23.0,5.0,3.0,0.0,1.0,0.0,0.0
YESBANK,24.0,5.0,4.0,0.0,1.0,0.0,0.0
YESBANK,25.0,2.0,1.0,0.0,0.0,0.0,0.0
ZYDUSLIFE,0.0,0.0,0.0,0.0,0.0,7.0,0.0
ZYDUSLIFE,1020.0,0.0,0.0,1.0,0.0,0.0,0.0
ZYDUSLIFE,1060.0,0.0,0.0,1.0,0.0,0.0,0.0
ZYDUSLIFE,1100.0,0.0,0.0,1.0,0.0,0.0,0.0
ZYDUSLIFE,1140.0,0.0,1.0,0.0,0.0,0.0,0.0
ZYDUSLIFE,1150.0,0.0,1.0,0.0,0.0,0.0,0.0
ZYDUSLIFE,1160.0,0.0,1.0,0.0,2.0,0.0,0.0
ZYDUSLIFE,1180.0,1.0,0.0,0.0,0.0,0.0,0.0
ZYDUSLIFE,1200.0,3.0,0.0,0.0,1.0,0.0,0.0
ZYDUSLIFE,1280.0,1.0,0.0,0.0,0.0,0.0,0.0
ZYDUSLIFE,1300.0,0.0,1.0,0.0,0.0,0.0,0.0
